GIORNO_RIFERIMENTO;C1_A1;C1_B1;C1_C1;C1_D1;C1_E1;C1_F1;C1_A2;C1_B2;C1_C2;C1_D2;C1_E2;C1_F2;C1_A3;C1_B3;C1_C3;C1_D3;C1_E3;C1_F3;C2;C4;T1_1;T1_2;T1_3
01/01/2018;0.86697908;0.86697908;0.75699585;0.83599928;0.64143703;0.71282156;0.00000001;0.00000001;0.00000001;0.00000001;0.00000001;0.00000001;0.00000001;0.00000001;0.00000001;0.00000001;0.00000001;0.00000001;0.33062123;0.00000001;0.35464888;0.00000001;0.00000001
02/01/2018;0.86697908;0.86697908;0.75699585;0.83599928;0.64143703;0.71282156;1.05876366;1.05876366;0.91864406;1.02988862;0.78570366;0.87617225;1.27564051;1.27564051;1.1040028;1.2387208;0.94494981;1.05209559;0.33062123;0.00000001;0.35464888;0.43150336;0.51722923
03/01/2018;0.86697908;0.86697908;0.75699585;0.83599928;0.64143703;0.71282156;1.05876366;1.05876366;0.91864406;1.02988862;0.78570366;0.87617225;1.27564051;1.27564051;1.1040028;1.2387208;0.94494981;1.05209559;0.33062123;0.00000001;0.35464888;0.43150336;0.51722923
04/01/2018;0.86697908;0.86697908;0.75699585;0.83599928;0.64143703;0.71282156;1.05876366;1.05876366;0.91864406;1.02988862;0.78570366;0.87617225;1.27564051;1.27564051;1.1040028;1.2387208;0.94494981;1.05209559;0.33062123;0.00000001;0.35464888;0.43150336;0.51722923
05/01/2018;0.86697908;0.86697908;0.75699585;0.83599928;0.64143703;0.71282156;1.05876366;1.05876366;0.91864406;1.02988862;0.78570366;0.87617225;1.27564051;1.27564051;1.1040028;1.2387208;0.94494981;1.05209559;0.33062123;0.00000001;0.35464888;0.43150336;0.51722923
06/01/2018;0.86697908;0.86697908;0.75699585;0.83599928;0.64143703;0.71282156;0.00000001;0.00000001;0.00000001;0.00000001;0.00000001;0.00000001;0.00000001;0.00000001;0.00000001;0.00000001;0.00000001;0.00000001;0.33062123;0.00000001;0.35464888;0.00000001;0.00000001
07/01/2018;0.86697908;0.86697908;0.75699585;0.83599928;0.64143518;0.71282156;0.00000001;0.00000001;0.00000001;0.00000001;0.00000001;0.00000001;0.00000001;0.00000001;0.00000001;0.00000001;0.00000001;0.00000001;0.33062123;0.00000001;0.35464888;0.00000001;0.00000001
08/01/2018;0.90910045;0.90910045;0.81929367;0.76542668;0.68055993;0.6823351;1.11020271;1.11020271;0.9942449;0.94294846;0.83362574;0.83869949;1.33761632;1.33761632;1.19485794;1.13415164;1.00258473;1.00709881;0.33062123;0.00000001;0.35464888;0.43150336;0.51722923
09/01/2018;0.90910045;0.90910045;0.81929367;0.76542668;0.68055993;0.6823351;1.11020271;1.11020271;0.9942449;0.94294846;0.83362574;0.83869949;1.33761632;1.33761632;1.19485794;1.13415164;1.00258473;1.00709881;0.33062123;0.00000001;0.35464888;0.43150336;0.51722923
10/01/2018;0.90910045;0.90910045;0.81929367;0.76542668;0.68055993;0.6823351;1.11020271;1.11020271;0.9942449;0.94294846;0.83362574;0.83869949;1.33761632;1.33761632;1.19485794;1.13415164;1.00258473;1.00709881;0.33062123;0.00000001;0.35464888;0.43150336;0.51722923
11/01/2018;0.90910045;0.90910045;0.81929367;0.76542668;0.68055993;0.6823351;1.11020271;1.11020271;0.9942449;0.94294846;0.83362574;0.83869949;1.33761632;1.33761632;1.19485794;1.13415164;1.00258473;1.00709881;0.33062123;0.00000001;0.35464888;0.43150336;0.51722923
12/01/2018;0.90910045;0.90910045;0.81929367;0.76542668;0.68055993;0.6823351;1.11020271;1.11020271;0.9942449;0.94294846;0.83362574;0.83869949;1.33761632;1.33761632;1.19485794;1.13415164;1.00258473;1.00709881;0.33062123;0.00000001;0.35464888;0.43150336;0.51722923
13/01/2018;0.90910045;0.90910045;0.81929367;0.76542668;0.68055993;0.6823351;1.11020271;1.11020271;0.9942449;0.94294846;0.83362574;0.83869949;0.00000001;0.00000001;0.00000001;0.00000001;0.00000001;0.00000001;0.33062123;0.00000001;0.35464888;0.43150336;0.00000001
14/01/2018;0.90910045;0.90910045;0.81929367;0.76542668;0.68055993;0.6823351;0.00000001;0.00000001;0.00000001;0.00000001;0.00000001;0.00000001;0.00000001;0.00000001;0.00000001;0.00000001;0.00000001;0.00000001;0.33062123;0.00000001;0.35464888;0.00000001;0.00000001
15/01/2018;0.99014872;0.99014872;0.87976333;0.72103269;0.68807866;0.65826684;1.20917968;1.20917968;1.0676272;0.88825838;0.84283553;0.80911574;1.4568677;1.4568677;1.2830469;1.06837197;1.01366115;0.97157505;0.33062123;0.00000001;0.35464888;0.43150336;0.51722923
16/01/2018;0.99014872;0.99014872;0.87976333;0.72103269;0.68807866;0.65826684;1.20917968;1.20917968;1.0676272;0.88825838;0.84283553;0.80911574;1.4568677;1.4568677;1.2830469;1.06837197;1.01366115;0.97157505;0.33062123;0.00000001;0.35464888;0.43150336;0.51722923
17/01/2018;0.99014872;0.99014872;0.87976333;0.72103269;0.68807866;0.65826684;1.20917968;1.20917968;1.0676272;0.88825838;0.84283553;0.80911574;1.4568677;1.4568677;1.2830469;1.06837197;1.01366115;0.97157505;0.33062123;0.00000001;0.35464888;0.43150336;0.51722923
18/01/2018;0.99014872;0.99014872;0.87976333;0.72103269;0.68807866;0.65826684;1.20917968;1.20917968;1.0676272;0.88825838;0.84283553;0.80911574;1.4568677;1.4568677;1.2830469;1.06837197;1.01366115;0.97157505;0.33062123;0.00000001;0.35464888;0.43150336;0.51722923
19/01/2018;0.99014872;0.99014872;0.87976333;0.72103269;0.68807866;0.65826684;1.20917968;1.20917968;1.0676272;0.88825838;0.84283553;0.80911574;1.4568677;1.4568677;1.2830469;1.06837197;1.01366115;0.97157505;0.33062123;0.00000001;0.35464888;0.43150336;0.51722923
20/01/2018;0.99014872;0.99014872;0.87976333;0.72103269;0.68807866;0.65826684;1.20917968;1.20917968;1.0676272;0.88825838;0.84283553;0.80911574;0.00000001;0.00000001;0.00000001;0.00000001;0.00000001;0.00000001;0.33062123;0.00000001;0.35464888;0.43150336;0.00000001
21/01/2018;0.99014872;0.99014872;0.87976333;0.72103269;0.68807866;0.65826684;0.00000001;0.00000001;0.00000001;0.00000001;0.00000001;0.00000001;0.00000001;0.00000001;0.00000001;0.00000001;0.00000001;0.00000001;0.33062123;0.00000001;0.35464888;0.00000001;0.00000001
22/01/2018;0.93342406;0.93342406;0.87976333;0.72103269;0.6700337;0.6450293;1.13990695;1.13990695;1.0676272;0.88825838;0.82073205;0.79284467;1.37340517;1.37340517;1.2830469;1.06837197;0.98707774;0.95203697;0.33062123;0.00000001;0.35464888;0.43150336;0.51722923
23/01/2018;0.93342406;0.93342406;0.87976333;0.72103269;0.6700337;0.6450293;1.13990695;1.13990695;1.0676272;0.88825838;0.82073205;0.79284467;1.37340517;1.37340517;1.2830469;1.06837197;0.98707774;0.95203697;0.33062123;0.00000001;0.35464888;0.43150336;0.51722923
24/01/2018;0.93342406;0.93342406;0.87976333;0.72103269;0.6700337;0.6450293;1.13990695;1.13990695;1.0676272;0.88825838;0.82073205;0.79284467;1.37340517;1.37340517;1.2830469;1.06837197;0.98707774;0.95203697;0.33062123;0.00000001;0.35464888;0.43150336;0.51722923
25/01/2018;0.93342406;0.93342406;0.87976333;0.71841005;0.6700337;0.6450293;1.13990695;1.13990695;1.0676272;0.88502749;0.82073205;0.79284467;1.37340517;1.37340517;1.2830469;1.06448594;0.98707774;0.95203697;0.33062123;0.00000001;0.35464888;0.43150336;0.51722923
26/01/2018;0.93342406;0.93342406;0.87976333;0.71841005;0.6700337;0.6450293;1.13990695;1.13990695;1.0676272;0.88502749;0.82073205;0.79284467;1.37340517;1.37340517;1.2830469;1.06448594;0.98707774;0.95203697;0.33062123;0.00000001;0.35464888;0.43150336;0.51722923
27/01/2018;0.93342406;0.93342406;0.87976333;0.71841005;0.6700337;0.6450293;1.13990695;1.13990695;1.0676272;0.88502749;0.82073205;0.79284467;0.00000001;0.00000001;0.00000001;0.00000001;0.00000001;0.00000001;0.33062123;0.00000001;0.35464888;0.43150336;0.00000001
28/01/2018;0.93342406;0.93342406;0.87976333;0.71841005;0.6700337;0.6450293;0.00000001;0.00000001;0.00000001;0.00000001;0.00000001;0.00000001;0.00000001;0.00000001;0.00000001;0.00000001;0.00000001;0.00000001;0.33062123;0.00000001;0.35464888;0.00000001;0.00000001
29/01/2018;0.93342406;0.93342406;0.80949664;0.71841005;0.65647449;0.6450293;1.13990695;1.13990695;0.98235582;0.88502749;0.80412321;0.79284467;1.37340517;1.37340517;1.18056996;1.06448594;0.96710263;0.95203697;0.33062123;0.00000001;0.35464888;0.43150336;0.51722923
30/01/2018;0.92206087;0.92206087;0.80949664;0.71841005;0.65647449;0.6450293;1.1260301;1.1260301;0.98235582;0.88502749;0.80412321;0.79284467;1.35668579;1.35668579;1.18056996;1.06448594;0.96710263;0.95203697;0.33062123;0.00000001;0.35464888;0.43150336;0.51722923
31/01/2018;0.92206087;0.92206087;0.80949664;0.71841005;0.65647449;0.6450293;1.1260301;1.1260301;0.98235582;0.88502749;0.80412321;0.79284467;1.35668579;1.35668579;1.18056996;1.06448594;0.96710263;0.95203697;0.33062123;0.00000001;0.35464888;0.43150336;0.51722923
01/02/2018;0.92206087;0.92206087;0.80949664;0.68274228;0.65647449;0.59609052;1.1260301;1.1260301;0.98235582;0.84108745;0.80412321;0.73269104;1.35668579;1.35668579;1.18056996;1.01163612;0.96710263;0.87980533;0.33775053;0.00000001;0.34989312;0.42569472;0.51027713
02/02/2018;0.92206087;0.92206087;0.80949664;0.68274228;0.65647449;0.59609052;1.1260301;1.1260301;0.98235582;0.84108745;0.80412321;0.73269104;1.35668579;1.35668579;1.18056996;1.01163612;0.96710263;0.87980533;0.33775053;0.00000001;0.34989312;0.42569472;0.51027713
03/02/2018;0.92206087;0.92206087;0.80949664;0.68274228;0.65647449;0.59609052;1.1260301;1.1260301;0.98235582;0.84108745;0.80412321;0.73269104;0.00000001;0.00000001;0.00000001;0.00000001;0.00000001;0.00000001;0.33775053;0.00000001;0.34989312;0.42569472;0.00000001
04/02/2018;0.92206087;0.92206087;0.80949664;0.68274228;0.65647449;0.59609052;0.00000001;0.00000001;0.00000001;0.00000001;0.00000001;0.00000001;0.00000001;0.00000001;0.00000001;0.00000001;0.00000001;0.00000001;0.33775053;0.00000001;0.34989312;0.00000001;0.00000001
05/02/2018;0.92206087;0.92206087;0.80949664;0.68274228;0.65647449;0.59609052;1.1260301;1.1260301;0.98235582;0.84108745;0.80412321;0.73269104;1.35668579;1.35668579;1.18056996;1.01163612;0.96710263;0.87980533;0.33775053;0.00000001;0.34989312;0.42569472;0.51027713
06/02/2018;0.88801695;0.88801695;0.80593409;0.68274228;0.65599023;0.59609052;1.08445532;1.08445532;0.97803253;0.84108745;0.80353004;0.73269104;1.30659485;1.30659485;1.17537433;1.01163612;0.96638924;0.87980533;0.33775053;0.00000001;0.34989312;0.42569472;0.51027713
07/02/2018;0.88801695;0.88801695;0.80593409;0.68274228;0.65599023;0.59609052;1.08445532;1.08445532;0.97803253;0.84108745;0.80353004;0.73269104;1.30659485;1.30659485;1.17537433;1.01163612;0.96638924;0.87980533;0.33775053;0.00000001;0.34989312;0.42569472;0.51027713
08/02/2018;0.88801695;0.88801695;0.80593409;0.66180892;0.65599023;0.56119154;1.08445532;1.08445532;0.97803253;0.81529912;0.80353004;0.68979459;1.30659485;1.30659485;1.17537433;0.98061864;0.96638924;0.82829585;0.33775053;0.00000001;0.34989312;0.42569472;0.51027713
09/02/2018;0.88801695;0.88801695;0.80593409;0.66180892;0.65599023;0.56119154;1.08445532;1.08445532;0.97803253;0.81529912;0.80353004;0.68979459;1.30659485;1.30659485;1.17537433;0.98061864;0.96638924;0.82829585;0.33775053;0.00000001;0.34989312;0.42569472;0.51027713
10/02/2018;0.88801695;0.88801695;0.80593409;0.66180892;0.65599023;0.56119154;1.08445532;1.08445532;0.97803253;0.81529912;0.80353004;0.68979459;0.00000001;0.00000001;0.00000001;0.00000001;0.00000001;0.00000001;0.33775053;0.00000001;0.34989312;0.42569472;0.00000001
11/02/2018;0.88801695;0.88801695;0.80593409;0.66180892;0.65599023;0.56119154;0.00000001;0.00000001;0.00000001;0.00000001;0.00000001;0.00000001;0.00000001;0.00000001;0.00000001;0.00000001;0.00000001;0.00000001;0.33775053;0.00000001;0.34989312;0.00000001;0.00000001
12/02/2018;0.88801695;0.88801695;0.80593409;0.66180892;0.65599023;0.56119154;1.08445532;1.08445532;0.97803253;0.81529912;0.80353004;0.68979459;1.30659485;1.30659485;1.17537433;0.98061864;0.96638924;0.82829585;0.33775053;0.00000001;0.34989312;0.42569472;0.51027713
13/02/2018;0.87669939;0.87669939;0.79880898;0.66180892;0.65599023;0.56119154;1.07063421;1.07063421;0.96938593;0.81529912;0.80353004;0.68979459;1.28994261;1.28994261;1.16498307;0.98061864;0.96638924;0.82829585;0.33775053;0.00000001;0.34989312;0.42569472;0.51027713
14/02/2018;0.87669939;0.87669939;0.79880898;0.66180892;0.65599023;0.56119154;1.07063421;1.07063421;0.96938593;0.81529912;0.80353004;0.68979459;1.28994261;1.28994261;1.16498307;0.98061864;0.96638924;0.82829585;0.33775053;0.00000001;0.34989312;0.42569472;0.51027713
15/02/2018;0.87669939;0.87669939;0.79880898;0.64874345;0.65599023;0.54233807;1.07063421;1.07063421;0.96938593;0.79920344;0.80353004;0.66662065;1.28994261;1.28994261;1.16498307;0.96125921;0.96638924;0.8004689;0.33775053;0.00000001;0.34989312;0.42569472;0.51027713
16/02/2018;0.87669939;0.87669939;0.79880898;0.64874345;0.65045951;0.54233807;1.07063421;1.07063421;0.96938593;0.79920344;0.79675539;0.66662065;1.28994261;1.28994261;1.16498307;0.96125921;0.96638924;0.8004689;0.33775053;0.00000001;0.34989312;0.42569472;0.51027713
17/02/2018;0.87669939;0.87669939;0.79880898;0.64874345;0.65045951;0.54233807;1.07063421;1.07063421;0.96938593;0.79920344;0.79675539;0.66662065;0.00000001;0.00000001;0.00000001;0.00000001;0.00000001;0.00000001;0.33775053;0.00000001;0.34989312;0.42569472;0.00000001
18/02/2018;0.87669939;0.87669939;0.79880898;0.64874345;0.65045951;0.54233807;0.00000001;0.00000001;0.00000001;0.00000001;0.00000001;0.00000001;0.00000001;0.00000001;0.00000001;0.00000001;0.00000001;0.00000001;0.33775053;0.00000001;0.34989312;0.00000001;0.00000001
19/02/2018;0.87669939;0.87669939;0.79880898;0.64874345;0.65045951;0.54233807;1.07063421;1.07063421;0.96938593;0.79920344;0.79675539;0.66662065;1.28994261;1.28994261;1.16498307;0.96125921;0.95824151;0.8004689;0.33775053;0.00000001;0.34989312;0.42569472;0.51027713
20/02/2018;0.87669939;0.87669939;0.7881682;0.64874345;0.65045951;0.54233807;1.07063421;1.07063421;0.95647292;0.79920344;0.79675539;0.66662065;1.28994261;1.28994261;1.14946455;0.96125921;0.95824151;0.8004689;0.33775053;0.00000001;0.34989312;0.42569472;0.51027713
21/02/2018;0.87669939;0.87669939;0.7881682;0.64874345;0.65045951;0.54233807;1.07063421;1.07063421;0.95647292;0.79920344;0.79675539;0.66662065;1.28994261;1.28994261;1.14946455;0.96125921;0.95824151;0.8004689;0.33775053;0.00000001;0.34989312;0.42569472;0.51027713
22/02/2018;0.87669939;0.87669939;0.7881682;0.62962209;0.65045951;0.52709484;1.07063421;1.07063421;0.95647292;0.77564735;0.79675539;0.64788426;1.28994261;1.28994261;1.14946455;0.93292661;0.95824151;0.77797051;0.33775053;0.00000001;0.34989312;0.42569472;0.51027713
23/02/2018;0.8556159;0.8556159;0.7881682;0.62962209;0.6153636;0.52709484;1.04488683;1.04488683;0.95647292;0.77564735;0.753766;0.64788426;1.28994261;1.28994261;1.14946455;0.93292661;0.95824151;0.77797051;0.33775053;0.00000001;0.34989312;0.42569472;0.51027713
24/02/2018;0.8556159;0.8556159;0.7881682;0.62962209;0.6153636;0.52709484;1.04488683;1.04488683;0.95647292;0.77564735;0.753766;0.64788426;0.00000001;0.00000001;0.00000001;0.00000001;0.00000001;0.00000001;0.33775053;0.00000001;0.34989312;0.42569472;0.00000001
25/02/2018;0.8556159;0.8556159;0.7881682;0.62962209;0.6153636;0.52709484;0.00000001;0.00000001;0.00000001;0.00000001;0.00000001;0.00000001;0.00000001;0.00000001;0.00000001;0.00000001;0.00000001;0.00000001;0.33775053;0.00000001;0.34989312;0.00000001;0.00000001
26/02/2018;0.8556159;0.8556159;0.7881682;0.62962209;0.6153636;0.52709484;1.04488683;1.04488683;0.95647292;0.77564735;0.753766;0.64788426;1.25892115;1.25892115;1.14946455;0.93292661;0.90653904;0.77797051;0.33775053;0.00000001;0.34989312;0.42569472;0.51027713
27/02/2018;0.8556159;0.8556159;0.7881682;0.62962209;0.6153636;0.52709484;1.04488683;1.04488683;0.95647292;0.77564735;0.753766;0.64788426;1.25892115;1.25892115;1.14946455;0.93292661;0.90653904;0.77797051;0.33775053;0.00000001;0.34989312;0.42569472;0.51027713
28/02/2018;0.8556159;0.8556159;0.7881682;0.62962209;0.6153636;0.52709484;1.04488683;1.04488683;0.95647292;0.77564735;0.753766;0.64788426;1.25892115;1.25892115;1.14946455;0.93292661;0.90653904;0.77797051;0.33775053;0.00000001;0.34989312;0.42569472;0.51027713
01/03/2018;0.8556159;0.8556159;0.7881682;0.62962209;0.6153636;0.52709484;1.04488683;1.04488683;0.95647292;0.77564735;0.753766;0.64788426;1.25892115;1.25892115;1.14946455;0.93292661;0.90653904;0.77797051;0.33775053;0.00000001;0.34989312;0.42569472;0.51027713
02/03/2018;0.83293516;0.83293516;0.74101123;0.58084116;0.5792482;0.44405936;1.01718888;1.01718888;0.8992461;0.7155529;0.70952783;0.54582031;1.25892115;1.25892115;1.14946455;0.93292661;0.90653904;0.77797051;0.30002465;0.00000001;0.31029249;0.37732685;0.51027713
03/03/2018;0.83293516;0.83293516;0.74101123;0.58084116;0.5792482;0.44405936;1.01718888;1.01718888;0.8992461;0.7155529;0.70952783;0.54582031;0.00000001;0.00000001;0.00000001;0.00000001;0.00000001;0.00000001;0.30002465;0.00000001;0.31029249;0.37732685;0.00000001
04/03/2018;0.83293516;0.83293516;0.74101123;0.58084116;0.5792482;0.44405936;0.00000001;0.00000001;0.00000001;0.00000001;0.00000001;0.00000001;0.00000001;0.00000001;0.00000001;0.00000001;0.00000001;0.00000001;0.30002465;0.00000001;0.31029249;0.00000001;0.00000001
05/03/2018;0.83293516;0.83293516;0.74101123;0.58084116;0.5792482;0.44405936;1.01718888;1.01718888;0.8992461;0.7155529;0.70952783;0.54582031;1.22554957;1.22554957;1.08069082;0.86064671;0.8533347;0.65541352;0.30002465;0.00000001;0.31029249;0.37732685;0.4523877
06/03/2018;0.83293516;0.83293516;0.74101123;0.58084116;0.5792482;0.44405936;1.01718888;1.01718888;0.8992461;0.7155529;0.70952783;0.54582031;1.22554957;1.22554957;1.08069082;0.86064671;0.8533347;0.65541352;0.30002465;0.00000001;0.31029249;0.37732685;0.4523877
07/03/2018;0.83293516;0.83293516;0.74101123;0.58084116;0.5792482;0.44405936;1.01718888;1.01718888;0.8992461;0.7155529;0.70952783;0.54582031;1.22554957;1.22554957;1.08069082;0.86064671;0.8533347;0.65541352;0.30002465;0.00000001;0.31029249;0.37732685;0.4523877
08/03/2018;0.83293516;0.83293516;0.74101123;0.58084116;0.5792482;0.44405936;1.01718888;1.01718888;0.8992461;0.7155529;0.70952783;0.54582031;1.22554957;1.22554957;1.08069082;0.86064671;0.8533347;0.65541352;0.30002465;0.00000001;0.31029249;0.37732685;0.4523877
09/03/2018;0.81837751;0.81837751;0.69474491;0.58084116;0.57774446;0.39030692;0.99941094;0.99941094;0.8431001;0.7155529;0.70768588;0.47974993;1.22554957;1.22554957;1.08069082;0.86064671;0.8533347;0.65541352;0.30002465;0.00000001;0.31029249;0.37732685;0.4523877
10/03/2018;0.81837751;0.81837751;0.69474491;0.58084116;0.57774446;0.39030692;0.99941094;0.99941094;0.8431001;0.7155529;0.70768588;0.47974993;0.00000001;0.00000001;0.00000001;0.00000001;0.00000001;0.00000001;0.30002465;0.00000001;0.31029249;0.37732685;0.00000001
11/03/2018;0.81837751;0.81837751;0.69474491;0.58084116;0.57774446;0.39030692;0.00000001;0.00000001;0.00000001;0.00000001;0.00000001;0.00000001;0.00000001;0.00000001;0.00000001;0.00000001;0.00000001;0.00000001;0.30002465;0.00000001;0.31029249;0.00000001;0.00000001
12/03/2018;0.81837751;0.81837751;0.69474491;0.58084116;0.57774446;0.39030692;0.99941094;0.99941094;0.8431001;0.7155529;0.70768588;0.47974993;1.20412999;1.20412999;1.01321601;0.86064671;0.85111942;0.57607711;0.30002465;0.00000001;0.31029249;0.37732685;0.4523877
13/03/2018;0.81837751;0.81837751;0.69474491;0.58084116;0.57774446;0.39030692;0.99941094;0.99941094;0.8431001;0.7155529;0.70768588;0.47974993;1.20412999;1.20412999;1.01321601;0.86064671;0.85111942;0.57607711;0.30002465;0.00000001;0.31029249;0.37732685;0.4523877
14/03/2018;0.81837751;0.81837751;0.69474491;0.58084116;0.57774446;0.39030692;0.99941094;0.99941094;0.8431001;0.7155529;0.70768588;0.47974993;1.20412999;1.20412999;1.01321601;0.86064671;0.85111942;0.57607711;0.30002465;0.00000001;0.31029249;0.37732685;0.4523877
15/03/2018;0.81837751;0.81837751;0.69474491;0.58084116;0.57774446;0.39030692;0.99941094;0.99941094;0.8431001;0.7155529;0.70768588;0.47974993;1.20412999;1.20412999;1.01321601;0.86064671;0.85111942;0.57607711;0.30002465;0.00000001;0.31029249;0.37732685;0.4523877
16/03/2018;0.81837751;0.81837751;0.68405724;0.58084116;0.57774446;0.37305799;0.99941094;0.99941094;0.83013021;0.7155529;0.70768588;0.45854822;1.20412999;1.20412999;1.01321601;0.86064671;0.85111942;0.57607711;0.30002465;0.00000001;0.31029249;0.37732685;0.4523877
17/03/2018;0.81837751;0.81837751;0.68405724;0.58084116;0.57774446;0.37305799;0.94200876;0.94200876;0.83013021;0.65440106;0.69969365;0.45854822;0.00000001;0.00000001;0.00000001;0.00000001;0.00000001;0.00000001;0.30002465;0.00000001;0.31029249;0.37732685;0.00000001
18/03/2018;0.77137317;0.77137317;0.68405724;0.53120192;0.57121971;0.37305799;0.00000001;0.00000001;0.00000001;0.00000001;0.00000001;0.00000001;0.00000001;0.00000001;0.00000001;0.00000001;0.00000001;0.00000001;0.30002465;0.00000001;0.31029249;0.00000001;0.00000001
19/03/2018;0.77137317;0.77137317;0.68405724;0.53120192;0.57121971;0.37305799;0.94200876;0.94200876;0.83013021;0.65440106;0.69969365;0.45854822;1.13496956;1.13496956;0.99762913;0.78709502;0.84150732;0.55061839;0.30002465;0.00000001;0.31029249;0.37732685;0.4523877
20/03/2018;0.77137317;0.77137317;0.68405724;0.53120192;0.57121971;0.37305799;0.94200876;0.94200876;0.83013021;0.65440106;0.69969365;0.45854822;1.13496956;1.13496956;0.99762913;0.78709502;0.84150732;0.55061839;0.30002465;0.00000001;0.31029249;0.37732685;0.4523877
21/03/2018;0.77137317;0.77137317;0.68405724;0.53120192;0.57121971;0.37305799;0.94200876;0.94200876;0.83013021;0.65440106;0.69969365;0.45854822;1.13496956;1.13496956;0.99762913;0.78709502;0.84150732;0.55061839;0.30002465;0.00000001;0.31029249;0.37732685;0.4523877
22/03/2018;0.77137317;0.77137317;0.68405724;0.53120192;0.57121971;0.37305799;0.94200876;0.94200876;0.83013021;0.65440106;0.69969365;0.45854822;1.13496956;1.13496956;0.99762913;0.78709502;0.84150732;0.55061839;0.30002465;0.00000001;0.31029249;0.37732685;0.4523877
23/03/2018;0.77137317;0.77137317;0.68405724;0.53120192;0.57121971;0.37305799;0.94200876;0.94200876;0.83013021;0.65440106;0.69969365;0.45854822;1.13496956;1.13496956;0.99762913;0.78709502;0.84150732;0.55061839;0.30002465;0.00000001;0.31029249;0.37732685;0.4523877
24/03/2018;0.77137317;0.77137317;0.68405724;0.53120192;0.57121971;0.37305799;0.87273603;0.87273603;0.79343905;0.64793928;0.69170144;0.44030491;0.00000001;0.00000001;0.00000001;0.00000001;0.00000001;0.00000001;0.30002465;0.00000001;0.31029249;0.37732685;0.00000001
25/03/2018;0.71464852;0.71464852;0.65382241;0.52595665;0.56469499;0.3582159;0.00000001;0.00000001;0.00000001;0.00000001;0.00000001;0.00000001;0.00000001;0.00000001;0.00000001;0.00000001;0.00000001;0.00000001;0.30002465;0.00000001;0.31029249;0.00000001;0.00000001
26/03/2018;0.71464852;0.71464852;0.65382241;0.52595665;0.56469499;0.3582159;0.87273603;0.87273603;0.79343905;0.64793928;0.69170144;0.44030491;1.05150704;1.05150704;0.95353464;0.77932298;0.83189525;0.52871208;0.30002465;0.00000001;0.31029249;0.37732685;0.4523877
27/03/2018;0.71464852;0.71464852;0.65382241;0.52595665;0.56469499;0.3582159;0.87273603;0.87273603;0.79343905;0.64793928;0.69170144;0.44030491;1.05150704;1.05150704;0.95353464;0.77932298;0.83189525;0.52871208;0.30002465;0.00000001;0.31029249;0.37732685;0.4523877
28/03/2018;0.71464852;0.71464852;0.65382241;0.52595665;0.56469499;0.3582159;0.87273603;0.87273603;0.79343905;0.64793928;0.69170144;0.44030491;1.05150704;1.05150704;0.95353464;0.77932298;0.83189525;0.52871208;0.30002465;0.00000001;0.31029249;0.37732685;0.4523877
29/03/2018;0.71464852;0.71464852;0.65382241;0.52595665;0.56469499;0.3582159;0.87273603;0.87273603;0.79343905;0.64793928;0.69170144;0.44030491;1.05150704;1.05150704;0.95353464;0.77932298;0.83189525;0.52871208;0.30002465;0.00000001;0.31029249;0.37732685;0.4523877
30/03/2018;0.71464852;0.71464852;0.65382241;0.52595665;0.56469499;0.3582159;0.87273603;0.87273603;0.79343905;0.64793928;0.69170144;0.44030491;1.05150704;1.05150704;0.95353464;0.77932298;0.83189525;0.52871208;0.30002465;0.00000001;0.31029249;0.37732685;0.4523877
31/03/2018;0.71464852;0.71464852;0.65382241;0.52595665;0.56469499;0.3582159;0.87273603;0.87273603;0.79343905;0.64793928;0.69170144;0.44030491;0.00000001;0.00000001;0.00000001;0.00000001;0.00000001;0.00000001;0.30002465;0.00000001;0.31029249;0.37732685;0.00000001
01/04/2018;0.00000001;0.00000001;0.00000001;0.39449133;0.49299942;0.27798838;0.00000001;0.00000001;0.00000001;0.00000001;0.00000001;0.00000001;0.00000001;0.00000001;0.00000001;0.00000001;0.00000001;0.00000001;0.30002465;0.00000001;0.31029249;0.00000001;0.00000001
02/04/2018;0.00000001;0.00000001;0.00000001;0.39449133;0.49299942;0.27798838;0.00000001;0.00000001;0.00000001;0.00000001;0.00000001;0.00000001;0.00000001;0.00000001;0.00000001;0.00000001;0.00000001;0.00000001;0.28279552;0.00000001;0.27904159;0.00000001;0.00000001
03/04/2018;0.00000001;0.00000001;0.00000001;0.39449133;0.49299942;0.27798838;0.00000001;0.00000001;0.00000001;0.48598383;0.60388071;0.3416924;0.00000001;0.00000001;0.00000001;0.58452755;0.72627505;0.41029953;0.28279552;0.00000001;0.27904159;0.33915728;0.40670417
04/04/2018;0.00000001;0.00000001;0.00000001;0.39449133;0.49299942;0.27798838;0.00000001;0.00000001;0.00000001;0.48598383;0.60388071;0.3416924;0.00000001;0.00000001;0.00000001;0.58452755;0.72627505;0.41029953;0.28279552;0.00000001;0.27904159;0.33915728;0.40670417
05/04/2018;0.00000001;0.00000001;0.00000001;0.39449133;0.49299942;0.27798838;0.00000001;0.00000001;0.00000001;0.48598383;0.60388071;0.3416924;0.00000001;0.00000001;0.00000001;0.58452755;0.72627505;0.41029953;0.28279552;0.00000001;0.27904159;0.33915728;0.40670417
06/04/2018;0.00000001;0.00000001;0.00000001;0.39449133;0.49299942;0.27798838;0.00000001;0.00000001;0.00000001;0.48598383;0.60388071;0.3416924;0.00000001;0.00000001;0.00000001;0.58452755;0.72627505;0.41029953;0.28279552;0.00000001;0.27904159;0.33915728;0.40670417
07/04/2018;0.00000001;0.00000001;0.00000001;0.39449133;0.49299942;0.27798838;0.00000001;0.00000001;0.00000001;0.48275295;0.59773045;0.32739357;0.00000001;0.00000001;0.00000001;0.00000001;0.00000001;0.00000001;0.28279552;0.00000001;0.27904159;0.33915728;0.00000001
08/04/2018;0.00000001;0.00000001;0.00000001;0.3918687;0.48797844;0.26635538;0.00000001;0.00000001;0.00000001;0.00000001;0.00000001;0.00000001;0.00000001;0.00000001;0.00000001;0.00000001;0.00000001;0.00000001;0.28279552;0.00000001;0.27904159;0.00000001;0.00000001
09/04/2018;0.00000001;0.00000001;0.00000001;0.3918687;0.48797844;0.26635538;0.00000001;0.00000001;0.00000001;0.48275295;0.59773045;0.32739357;0.00000001;0.00000001;0.00000001;0.58064154;0.71887826;0.39312969;0.28279552;0.00000001;0.27904159;0.33915728;0.40670417
10/04/2018;0.00000001;0.00000001;0.00000001;0.3918687;0.48797844;0.26635538;0.00000001;0.00000001;0.00000001;0.48275295;0.59773045;0.32739357;0.00000001;0.00000001;0.00000001;0.58064154;0.71887826;0.39312969;0.28279552;0.00000001;0.27904159;0.33915728;0.40670417
11/04/2018;0.00000001;0.00000001;0.00000001;0.3918687;0.48797844;0.26635538;0.00000001;0.00000001;0.00000001;0.48275295;0.59773045;0.32739357;0.00000001;0.00000001;0.00000001;0.58064154;0.71887826;0.39312969;0.28279552;0.00000001;0.27904159;0.33915728;0.40670417
12/04/2018;0.00000001;0.00000001;0.00000001;0.3918687;0.48797844;0.26635538;0.00000001;0.00000001;0.00000001;0.48275295;0.59773045;0.32739357;0.00000001;0.00000001;0.00000001;0.58064154;0.71887826;0.39312969;0.28279552;0.00000001;0.27904159;0.33915728;0.40670417
13/04/2018;0.00000001;0.00000001;0.00000001;0.3918687;0.48797844;0.26635538;0.00000001;0.00000001;0.00000001;0.48275295;0.59773045;0.32739357;0.00000001;0.00000001;0.00000001;0.58064154;0.71887826;0.39312969;0.28279552;0.00000001;0.27904159;0.33915728;0.40670417
14/04/2018;0.00000001;0.00000001;0.00000001;0.3918687;0.48797844;0.26635538;0.00000001;0.00000001;0.00000001;0.48275295;0.59773045;0.3269005;0.00000001;0.00000001;0.00000001;0.00000001;0.00000001;0.00000001;0.28279552;0.00000001;0.27904159;0.33915728;0.00000001
15/04/2018;0.00000001;0.00000001;0.00000001;0.3918687;0.48797844;0.26595424;0.00000001;0.00000001;0.00000001;0.00000001;0.00000001;0.00000001;0.00000001;0.00000001;0.00000001;0.00000001;0.00000001;0.00000001;0.28279552;0.00000001;0.27904159;0.00000001;0.00000001
16/04/2018;0.00000001;0.00000001;0.00000001;0.00000001;0.00000001;0.26595424;0.00000001;0.00000001;0.00000001;0.00000001;0.00000001;0.3269005;0.00000001;0.00000001;0.00000001;0.00000001;0.00000001;0.39253763;0.28279552;0.00000001;0.27904159;0.33915728;0.40670417
17/04/2018;0.00000001;0.00000001;0.00000001;0.00000001;0.00000001;0.26595424;0.00000001;0.00000001;0.00000001;0.00000001;0.00000001;0.3269005;0.00000001;0.00000001;0.00000001;0.00000001;0.00000001;0.39253763;0.28279552;0.00000001;0.27904159;0.33915728;0.40670417
18/04/2018;0.00000001;0.00000001;0.00000001;0.00000001;0.00000001;0.26595424;0.00000001;0.00000001;0.00000001;0.00000001;0.00000001;0.3269005;0.00000001;0.00000001;0.00000001;0.00000001;0.00000001;0.39253763;0.28279552;0.00000001;0.27904159;0.33915728;0.40670417
19/04/2018;0.00000001;0.00000001;0.00000001;0.00000001;0.00000001;0.26595424;0.00000001;0.00000001;0.00000001;0.00000001;0.00000001;0.3269005;0.00000001;0.00000001;0.00000001;0.00000001;0.00000001;0.39253763;0.28279552;0.00000001;0.27904159;0.33915728;0.40670417
20/04/2018;0.00000001;0.00000001;0.00000001;0.00000001;0.00000001;0.26595424;0.00000001;0.00000001;0.00000001;0.00000001;0.00000001;0.3269005;0.00000001;0.00000001;0.00000001;0.00000001;0.00000001;0.39253763;0.28279552;0.00000001;0.27904159;0.33915728;0.40670417
21/04/2018;0.00000001;0.00000001;0.00000001;0.00000001;0.00000001;0.26595424;0.00000001;0.00000001;0.00000001;0.00000001;0.00000001;0.3269005;0.00000001;0.00000001;0.00000001;0.00000001;0.00000001;0.00000001;0.28279552;0.00000001;0.27904159;0.33915728;0.00000001
22/04/2018;0.00000001;0.00000001;0.00000001;0.00000001;0.00000001;0.26595424;0.00000001;0.00000001;0.00000001;0.00000001;0.00000001;0.00000001;0.00000001;0.00000001;0.00000001;0.00000001;0.00000001;0.00000001;0.28279552;0.00000001;0.27904159;0.00000001;0.00000001
23/04/2018;0.00000001;0.00000001;0.00000001;0.00000001;0.00000001;0.13999703;0.00000001;0.00000001;0.00000001;0.00000001;0.00000001;0.17207885;0.00000001;0.00000001;0.00000001;0.00000001;0.00000001;0.20662992;0.28279552;0.00000001;0.27904159;0.33915728;0.40670417
24/04/2018;0.00000001;0.00000001;0.00000001;0.00000001;0.00000001;0.13999703;0.00000001;0.00000001;0.00000001;0.00000001;0.00000001;0.17207885;0.00000001;0.00000001;0.00000001;0.00000001;0.00000001;0.20662992;0.28279552;0.00000001;0.27904159;0.33915728;0.40670417
25/04/2018;0.00000001;0.00000001;0.00000001;0.00000001;0.00000001;0.13999703;0.00000001;0.00000001;0.00000001;0.00000001;0.00000001;0.00000001;0.00000001;0.00000001;0.00000001;0.00000001;0.00000001;0.00000001;0.28279552;0.00000001;0.27904159;0.00000001;0.00000001
26/04/2018;0.00000001;0.00000001;0.00000001;0.00000001;0.00000001;0.13999703;0.00000001;0.00000001;0.00000001;0.00000001;0.00000001;0.17207885;0.00000001;0.00000001;0.00000001;0.00000001;0.00000001;0.20662992;0.28279552;0.00000001;0.27904159;0.33915728;0.40670417
27/04/2018;0.00000001;0.00000001;0.00000001;0.00000001;0.00000001;0.13999703;0.00000001;0.00000001;0.00000001;0.00000001;0.00000001;0.17207885;0.00000001;0.00000001;0.00000001;0.00000001;0.00000001;0.20662992;0.28279552;0.00000001;0.27904159;0.33915728;0.40670417
28/04/2018;0.00000001;0.00000001;0.00000001;0.00000001;0.00000001;0.13999703;0.00000001;0.00000001;0.00000001;0.00000001;0.00000001;0.17207885;0.00000001;0.00000001;0.00000001;0.00000001;0.00000001;0.00000001;0.28279552;0.00000001;0.27904159;0.33915728;0.00000001
29/04/2018;0.00000001;0.00000001;0.00000001;0.00000001;0.00000001;0.13999703;0.00000001;0.00000001;0.00000001;0.00000001;0.00000001;0.00000001;0.00000001;0.00000001;0.00000001;0.00000001;0.00000001;0.00000001;0.28279552;0.00000001;0.27904159;0.00000001;0.00000001
30/04/2018;0.00000001;0.00000001;0.00000001;0.00000001;0.00000001;0.13999703;0.00000001;0.00000001;0.00000001;0.00000001;0.00000001;0.17207885;0.00000001;0.00000001;0.00000001;0.00000001;0.00000001;0.20662992;0.28279552;0.00000001;0.27904159;0.33915728;0.40670417
01/05/2018;0.00000001;0.00000001;0.00000001;0.00000001;0.00000001;0.13999703;0.00000001;0.00000001;0.00000001;0.00000001;0.00000001;0.00000001;0.00000001;0.00000001;0.00000001;0.00000001;0.00000001;0.00000001;0.25427833;0.00000001;0.2419651;0.00000001;0.00000001
02/05/2018;0.00000001;0.00000001;0.00000001;0.00000001;0.00000001;0.09426734;0.00000001;0.00000001;0.00000001;0.00000001;0.00000001;0.11586971;0.00000001;0.00000001;0.00000001;0.00000001;0.00000001;0.13913476;0.25427833;0.00000001;0.2419651;0.29387238;0.35250461
03/05/2018;0.00000001;0.00000001;0.00000001;0.00000001;0.00000001;0.09426734;0.00000001;0.00000001;0.00000001;0.00000001;0.00000001;0.11586971;0.00000001;0.00000001;0.00000001;0.00000001;0.00000001;0.13913476;0.25427833;0.00000001;0.2419651;0.29387238;0.35250461
04/05/2018;0.00000001;0.00000001;0.00000001;0.00000001;0.00000001;0.09426734;0.00000001;0.00000001;0.00000001;0.00000001;0.00000001;0.11586971;0.00000001;0.00000001;0.00000001;0.00000001;0.00000001;0.13913476;0.25427833;0.00000001;0.2419651;0.29387238;0.35250461
05/05/2018;0.00000001;0.00000001;0.00000001;0.00000001;0.00000001;0.09426734;0.00000001;0.00000001;0.00000001;0.00000001;0.00000001;0.11586971;0.00000001;0.00000001;0.00000001;0.00000001;0.00000001;0.00000001;0.25427833;0.00000001;0.2419651;0.29387238;0.00000001
06/05/2018;0.00000001;0.00000001;0.00000001;0.00000001;0.00000001;0.09426734;0.00000001;0.00000001;0.00000001;0.00000001;0.00000001;0.00000001;0.00000001;0.00000001;0.00000001;0.00000001;0.00000001;0.00000001;0.25427833;0.00000001;0.2419651;0.00000001;0.00000001
07/05/2018;0.00000001;0.00000001;0.00000001;0.00000001;0.00000001;0.09426734;0.00000001;0.00000001;0.00000001;0.00000001;0.00000001;0.11586971;0.00000001;0.00000001;0.00000001;0.00000001;0.00000001;0.13913476;0.25427833;0.00000001;0.2419651;0.29387238;0.35250461
08/05/2018;0.00000001;0.00000001;0.00000001;0.00000001;0.00000001;0.09426734;0.00000001;0.00000001;0.00000001;0.00000001;0.00000001;0.11586971;0.00000001;0.00000001;0.00000001;0.00000001;0.00000001;0.13913476;0.25427833;0.00000001;0.2419651;0.29387238;0.35250461
09/05/2018;0.00000001;0.00000001;0.00000001;0.00000001;0.00000001;0.07541388;0.00000001;0.00000001;0.00000001;0.00000001;0.00000001;0.09269577;0.00000001;0.00000001;0.00000001;0.00000001;0.00000001;0.11130781;0.25427833;0.00000001;0.2419651;0.29387238;0.35250461
10/05/2018;0.00000001;0.00000001;0.00000001;0.00000001;0.00000001;0.07541388;0.00000001;0.00000001;0.00000001;0.00000001;0.00000001;0.09269577;0.00000001;0.00000001;0.00000001;0.00000001;0.00000001;0.11130781;0.25427833;0.00000001;0.2419651;0.29387238;0.35250461
11/05/2018;0.00000001;0.00000001;0.00000001;0.00000001;0.00000001;0.07541388;0.00000001;0.00000001;0.00000001;0.00000001;0.00000001;0.09269577;0.00000001;0.00000001;0.00000001;0.00000001;0.00000001;0.11130781;0.25427833;0.00000001;0.2419651;0.29387238;0.35250461
12/05/2018;0.00000001;0.00000001;0.00000001;0.00000001;0.00000001;0.07541388;0.00000001;0.00000001;0.00000001;0.00000001;0.00000001;0.09269577;0.00000001;0.00000001;0.00000001;0.00000001;0.00000001;0.00000001;0.25427833;0.00000001;0.2419651;0.29387238;0.00000001
13/05/2018;0.00000001;0.00000001;0.00000001;0.00000001;0.00000001;0.07541388;0.00000001;0.00000001;0.00000001;0.00000001;0.00000001;0.00000001;0.00000001;0.00000001;0.00000001;0.00000001;0.00000001;0.00000001;0.25427833;0.00000001;0.2419651;0.00000001;0.00000001
14/05/2018;0.00000001;0.00000001;0.00000001;0.00000001;0.00000001;0.07541388;0.00000001;0.00000001;0.00000001;0.00000001;0.00000001;0.09269577;0.00000001;0.00000001;0.00000001;0.00000001;0.00000001;0.11130781;0.25427833;0.00000001;0.2419651;0.29387238;0.35250461
15/05/2018;0.00000001;0.00000001;0.00000001;0.00000001;0.00000001;0.07541388;0.00000001;0.00000001;0.00000001;0.00000001;0.00000001;0.09269577;0.00000001;0.00000001;0.00000001;0.00000001;0.00000001;0.11130781;0.25427833;0.00000001;0.2419651;0.29387238;0.35250461
16/05/2018;0.00000001;0.00000001;0.00000001;0.00000001;0.00000001;0.07541388;0.00000001;0.00000001;0.00000001;0.00000001;0.00000001;0.09269577;0.00000001;0.00000001;0.00000001;0.00000001;0.00000001;0.11130781;0.25427833;0.00000001;0.2419651;0.29387238;0.35250461
17/05/2018;0.00000001;0.00000001;0.00000001;0.00000001;0.00000001;0.07541388;0.00000001;0.00000001;0.00000001;0.00000001;0.00000001;0.09269577;0.00000001;0.00000001;0.00000001;0.00000001;0.00000001;0.11130781;0.25427833;0.00000001;0.2419651;0.29387238;0.35250461
18/05/2018;0.00000001;0.00000001;0.00000001;0.00000001;0.00000001;0.07541388;0.00000001;0.00000001;0.00000001;0.00000001;0.00000001;0.09269577;0.00000001;0.00000001;0.00000001;0.00000001;0.00000001;0.11130781;0.25427833;0.00000001;0.2419651;0.29387238;0.35250461
19/05/2018;0.00000001;0.00000001;0.00000001;0.00000001;0.00000001;0.05615927;0.00000001;0.00000001;0.00000001;0.00000001;0.00000001;0.06902877;0.00000001;0.00000001;0.00000001;0.00000001;0.00000001;0.00000001;0.25427833;0.00000001;0.2419651;0.29387238;0.00000001
20/05/2018;0.00000001;0.00000001;0.00000001;0.00000001;0.00000001;0.05615927;0.00000001;0.00000001;0.00000001;0.00000001;0.00000001;0.00000001;0.00000001;0.00000001;0.00000001;0.00000001;0.00000001;0.00000001;0.25427833;0.00000001;0.2419651;0.00000001;0.00000001
21/05/2018;0.00000001;0.00000001;0.00000001;0.00000001;0.00000001;0.05615927;0.00000001;0.00000001;0.00000001;0.00000001;0.00000001;0.06902877;0.00000001;0.00000001;0.00000001;0.00000001;0.00000001;0.0828888;0.25427833;0.00000001;0.2419651;0.29387238;0.35250461
22/05/2018;0.00000001;0.00000001;0.00000001;0.00000001;0.00000001;0.05615927;0.00000001;0.00000001;0.00000001;0.00000001;0.00000001;0.06902877;0.00000001;0.00000001;0.00000001;0.00000001;0.00000001;0.0828888;0.25427833;0.00000001;0.2419651;0.29387238;0.35250461
23/05/2018;0.00000001;0.00000001;0.00000001;0.00000001;0.00000001;0.05615927;0.00000001;0.00000001;0.00000001;0.00000001;0.00000001;0.06902877;0.00000001;0.00000001;0.00000001;0.00000001;0.00000001;0.0828888;0.25427833;0.00000001;0.2419651;0.29387238;0.35250461
24/05/2018;0.00000001;0.00000001;0.00000001;0.00000001;0.00000001;0.05615927;0.00000001;0.00000001;0.00000001;0.00000001;0.00000001;0.06902877;0.00000001;0.00000001;0.00000001;0.00000001;0.00000001;0.0828888;0.25427833;0.00000001;0.2419651;0.29387238;0.35250461
25/05/2018;0.00000001;0.00000001;0.00000001;0.00000001;0.00000001;0.05615927;0.00000001;0.00000001;0.00000001;0.00000001;0.00000001;0.06902877;0.00000001;0.00000001;0.00000001;0.00000001;0.00000001;0.0828888;0.25427833;0.00000001;0.2419651;0.29387238;0.35250461
26/05/2018;0.00000001;0.00000001;0.00000001;0.00000001;0.00000001;0.05174675;0.00000001;0.00000001;0.00000001;0.00000001;0.00000001;0.06360508;0.00000001;0.00000001;0.00000001;0.00000001;0.00000001;0.00000001;0.25427833;0.00000001;0.2419651;0.29387238;0.00000001
27/05/2018;0.00000001;0.00000001;0.00000001;0.00000001;0.00000001;0.05174675;0.00000001;0.00000001;0.00000001;0.00000001;0.00000001;0.00000001;0.00000001;0.00000001;0.00000001;0.00000001;0.00000001;0.00000001;0.25427833;0.00000001;0.2419651;0.00000001;0.00000001
28/05/2018;0.00000001;0.00000001;0.00000001;0.00000001;0.00000001;0.05174675;0.00000001;0.00000001;0.00000001;0.00000001;0.00000001;0.06360508;0.00000001;0.00000001;0.00000001;0.00000001;0.00000001;0.0763761;0.25427833;0.00000001;0.2419651;0.29387238;0.35250461
29/05/2018;0.00000001;0.00000001;0.00000001;0.00000001;0.00000001;0.05174675;0.00000001;0.00000001;0.00000001;0.00000001;0.00000001;0.06360508;0.00000001;0.00000001;0.00000001;0.00000001;0.00000001;0.0763761;0.25427833;0.00000001;0.2419651;0.29387238;0.35250461
30/05/2018;0.00000001;0.00000001;0.00000001;0.00000001;0.00000001;0.05174675;0.00000001;0.00000001;0.00000001;0.00000001;0.00000001;0.06360508;0.00000001;0.00000001;0.00000001;0.00000001;0.00000001;0.0763761;0.25427833;0.00000001;0.2419651;0.29387238;0.35250461
31/05/2018;0.00000001;0.00000001;0.00000001;0.00000001;0.00000001;0.05174675;0.00000001;0.00000001;0.00000001;0.00000001;0.00000001;0.06360508;0.00000001;0.00000001;0.00000001;0.00000001;0.00000001;0.0763761;0.25427833;0.00000001;0.2419651;0.29387238;0.35250461
01/06/2018;0.00000001;0.00000001;0.00000001;0.00000001;0.00000001;0.05174675;0.00000001;0.00000001;0.00000001;0.00000001;0.00000001;0.06360508;0.00000001;0.00000001;0.00000001;0.00000001;0.00000001;0.0763761;0.25427833;0.77586205;0.2419651;0.29387238;0.35250461
02/06/2018;0.00000001;0.00000001;0.00000001;0.00000001;0.00000001;0.02446939;0.00000001;0.00000001;0.00000001;0.00000001;0.00000001;0.00000001;0.00000001;0.00000001;0.00000001;0.00000001;0.00000001;0.00000001;0.24001973;0.77586205;0.22918558;0.00000001;0.00000001
03/06/2018;0.00000001;0.00000001;0.00000001;0.00000001;0.00000001;0.02446939;0.00000001;0.00000001;0.00000001;0.00000001;0.00000001;0.00000001;0.00000001;0.00000001;0.00000001;0.00000001;0.00000001;0.00000001;0.24001973;0.77586205;0.22918558;0.00000001;0.00000001
04/06/2018;0.00000001;0.00000001;0.00000001;0.00000001;0.00000001;0.02446939;0.00000001;0.00000001;0.00000001;0.00000001;0.00000001;0.03007682;0.00000001;0.00000001;0.00000001;0.00000001;0.00000001;0.03611583;0.24001973;0.77586205;0.22918558;0.27826359;0.33382312
05/06/2018;0.00000001;0.00000001;0.00000001;0.00000001;0.00000001;0.02446939;0.00000001;0.00000001;0.00000001;0.00000001;0.00000001;0.03007682;0.00000001;0.00000001;0.00000001;0.00000001;0.00000001;0.03611583;0.24001973;0.77586205;0.22918558;0.27826359;0.33382312
06/06/2018;0.00000001;0.00000001;0.00000001;0.00000001;0.00000001;0.02446939;0.00000001;0.00000001;0.00000001;0.00000001;0.00000001;0.03007682;0.00000001;0.00000001;0.00000001;0.00000001;0.00000001;0.03611583;0.24001973;0.77586205;0.22918558;0.27826359;0.33382312
07/06/2018;0.00000001;0.00000001;0.00000001;0.00000001;0.00000001;0.02446939;0.00000001;0.00000001;0.00000001;0.00000001;0.00000001;0.03007682;0.00000001;0.00000001;0.00000001;0.00000001;0.00000001;0.03611583;0.24001973;0.77586205;0.22918558;0.27826359;0.33382312
08/06/2018;0.00000001;0.00000001;0.00000001;0.00000001;0.00000001;0.02446939;0.00000001;0.00000001;0.00000001;0.00000001;0.00000001;0.03007682;0.00000001;0.00000001;0.00000001;0.00000001;0.00000001;0.03611583;0.24001973;0.77586205;0.22918558;0.27826359;0.33382312
09/06/2018;0.00000001;0.00000001;0.00000001;0.00000001;0.00000001;0.01444096;0.00000001;0.00000001;0.00000001;0.00000001;0.00000001;0.01775026;0.00000001;0.00000001;0.00000001;0.00000001;0.00000001;0.00000001;0.24001973;0.77586205;0.22918558;0.27826359;0.00000001
10/06/2018;0.00000001;0.00000001;0.00000001;0.00000001;0.00000001;0.01444096;0.00000001;0.00000001;0.00000001;0.00000001;0.00000001;0.00000001;0.00000001;0.00000001;0.00000001;0.00000001;0.00000001;0.00000001;0.24001973;0.77586205;0.22918558;0.00000001;0.00000001
11/06/2018;0.00000001;0.00000001;0.00000001;0.00000001;0.00000001;0.01444096;0.00000001;0.00000001;0.00000001;0.00000001;0.00000001;0.01775026;0.00000001;0.00000001;0.00000001;0.00000001;0.00000001;0.02131426;0.24001973;0.77586205;0.22918558;0.27826359;0.33382312
12/06/2018;0.00000001;0.00000001;0.00000001;0.00000001;0.00000001;0.01444096;0.00000001;0.00000001;0.00000001;0.00000001;0.00000001;0.01775026;0.00000001;0.00000001;0.00000001;0.00000001;0.00000001;0.02131426;0.24001973;0.77586205;0.22918558;0.27826359;0.33382312
13/06/2018;0.00000001;0.00000001;0.00000001;0.00000001;0.00000001;0.01444096;0.00000001;0.00000001;0.00000001;0.00000001;0.00000001;0.01775026;0.00000001;0.00000001;0.00000001;0.00000001;0.00000001;0.02131426;0.24001973;0.77586205;0.22918558;0.27826359;0.33382312
14/06/2018;0.00000001;0.00000001;0.00000001;0.00000001;0.00000001;0.01444096;0.00000001;0.00000001;0.00000001;0.00000001;0.00000001;0.01775026;0.00000001;0.00000001;0.00000001;0.00000001;0.00000001;0.02131426;0.24001973;0.77586205;0.22918558;0.27826359;0.33382312
15/06/2018;0.00000001;0.00000001;0.00000001;0.00000001;0.00000001;0.01444096;0.00000001;0.00000001;0.00000001;0.00000001;0.00000001;0.01775026;0.00000001;0.00000001;0.00000001;0.00000001;0.00000001;0.02131426;0.24001973;0.77586205;0.22918558;0.27826359;0.33382312
16/06/2018;0.00000001;0.00000001;0.00000001;0.00000001;0.00000001;0.00000001;0.00000001;0.00000001;0.00000001;0.00000001;0.00000001;0.00000001;0.00000001;0.00000001;0.00000001;0.00000001;0.00000001;0.00000001;0.24001973;0.77586205;0.22918558;0.27826359;0.00000001
17/06/2018;0.00000001;0.00000001;0.00000001;0.00000001;0.00000001;0.00000001;0.00000001;0.00000001;0.00000001;0.00000001;0.00000001;0.00000001;0.00000001;0.00000001;0.00000001;0.00000001;0.00000001;0.00000001;0.24001973;0.77586205;0.22918558;0.00000001;0.00000001
18/06/2018;0.00000001;0.00000001;0.00000001;0.00000001;0.00000001;0.00000001;0.00000001;0.00000001;0.00000001;0.00000001;0.00000001;0.00000001;0.00000001;0.00000001;0.00000001;0.00000001;0.00000001;0.00000001;0.24001973;0.77586205;0.22918558;0.27826359;0.33382312
19/06/2018;0.00000001;0.00000001;0.00000001;0.00000001;0.00000001;0.00000001;0.00000001;0.00000001;0.00000001;0.00000001;0.00000001;0.00000001;0.00000001;0.00000001;0.00000001;0.00000001;0.00000001;0.00000001;0.24001973;0.77586205;0.22918558;0.27826359;0.33382312
20/06/2018;0.00000001;0.00000001;0.00000001;0.00000001;0.00000001;0.00000001;0.00000001;0.00000001;0.00000001;0.00000001;0.00000001;0.00000001;0.00000001;0.00000001;0.00000001;0.00000001;0.00000001;0.00000001;0.24001973;0.77586205;0.22918558;0.27826359;0.33382312
21/06/2018;0.00000001;0.00000001;0.00000001;0.00000001;0.00000001;0.00000001;0.00000001;0.00000001;0.00000001;0.00000001;0.00000001;0.00000001;0.00000001;0.00000001;0.00000001;0.00000001;0.00000001;0.00000001;0.24001973;0.77586205;0.22918558;0.27826359;0.33382312
22/06/2018;0.00000001;0.00000001;0.00000001;0.00000001;0.00000001;0.00000001;0.00000001;0.00000001;0.00000001;0.00000001;0.00000001;0.00000001;0.00000001;0.00000001;0.00000001;0.00000001;0.00000001;0.00000001;0.24001973;0.77586205;0.22918558;0.27826359;0.33382312
23/06/2018;0.00000001;0.00000001;0.00000001;0.00000001;0.00000001;0.00000001;0.00000001;0.00000001;0.00000001;0.00000001;0.00000001;0.00000001;0.00000001;0.00000001;0.00000001;0.00000001;0.00000001;0.00000001;0.24001973;0.77586205;0.22918558;0.27826359;0.00000001
24/06/2018;0.00000001;0.00000001;0.00000001;0.00000001;0.00000001;0.00000001;0.00000001;0.00000001;0.00000001;0.00000001;0.00000001;0.00000001;0.00000001;0.00000001;0.00000001;0.00000001;0.00000001;0.00000001;0.24001973;0.77586205;0.22918558;0.00000001;0.00000001
25/06/2018;0.00000001;0.00000001;0.00000001;0.00000001;0.00000001;0.00000001;0.00000001;0.00000001;0.00000001;0.00000001;0.00000001;0.00000001;0.00000001;0.00000001;0.00000001;0.00000001;0.00000001;0.00000001;0.24001973;0.77586205;0.22918558;0.27826359;0.33382312
26/06/2018;0.00000001;0.00000001;0.00000001;0.00000001;0.00000001;0.00000001;0.00000001;0.00000001;0.00000001;0.00000001;0.00000001;0.00000001;0.00000001;0.00000001;0.00000001;0.00000001;0.00000001;0.00000001;0.24001973;0.77586205;0.22918558;0.27826359;0.33382312
27/06/2018;0.00000001;0.00000001;0.00000001;0.00000001;0.00000001;0.00000001;0.00000001;0.00000001;0.00000001;0.00000001;0.00000001;0.00000001;0.00000001;0.00000001;0.00000001;0.00000001;0.00000001;0.00000001;0.24001973;0.77586205;0.22918558;0.27826359;0.33382312
28/06/2018;0.00000001;0.00000001;0.00000001;0.00000001;0.00000001;0.00000001;0.00000001;0.00000001;0.00000001;0.00000001;0.00000001;0.00000001;0.00000001;0.00000001;0.00000001;0.00000001;0.00000001;0.00000001;0.24001973;0.77586205;0.22918558;0.27826359;0.33382312
29/06/2018;0.00000001;0.00000001;0.00000001;0.00000001;0.00000001;0.00000001;0.00000001;0.00000001;0.00000001;0.00000001;0.00000001;0.00000001;0.00000001;0.00000001;0.00000001;0.00000001;0.00000001;0.00000001;0.24001973;0.77586205;0.22918558;0.27826359;0.33382312
30/06/2018;0.00000001;0.00000001;0.00000001;0.00000001;0.00000001;0.00000001;0.00000001;0.00000001;0.00000001;0.00000001;0.00000001;0.00000001;0.00000001;0.00000001;0.00000001;0.00000001;0.00000001;0.00000001;0.24001973;0.77586205;0.22918558;0.27826359;0.00000001
01/07/2018;0.00000001;0.00000001;0.00000001;0.00000001;0.00000001;0.00000001;0.00000001;0.00000001;0.00000001;0.00000001;0.00000001;0.00000001;0.00000001;0.00000001;0.00000001;0.00000001;0.00000001;0.00000001;0.24001973;0.86206894;0.22918558;0.00000001;0.00000001
02/07/2018;0.00000001;0.00000001;0.00000001;0.00000001;0.00000001;0.00000001;0.00000001;0.00000001;0.00000001;0.00000001;0.00000001;0.00000001;0.00000001;0.00000001;0.00000001;0.00000001;0.00000001;0.00000001;0.2129878;0.86206894;0.21647293;0.26273646;0.31523937
03/07/2018;0.00000001;0.00000001;0.00000001;0.00000001;0.00000001;0.00000001;0.00000001;0.00000001;0.00000001;0.00000001;0.00000001;0.00000001;0.00000001;0.00000001;0.00000001;0.00000001;0.00000001;0.00000001;0.2129878;0.86206894;0.21647293;0.26273646;0.31523937
04/07/2018;0.00000001;0.00000001;0.00000001;0.00000001;0.00000001;0.00000001;0.00000001;0.00000001;0.00000001;0.00000001;0.00000001;0.00000001;0.00000001;0.00000001;0.00000001;0.00000001;0.00000001;0.00000001;0.2129878;0.86206894;0.21647293;0.26273646;0.31523937
05/07/2018;0.00000001;0.00000001;0.00000001;0.00000001;0.00000001;0.00000001;0.00000001;0.00000001;0.00000001;0.00000001;0.00000001;0.00000001;0.00000001;0.00000001;0.00000001;0.00000001;0.00000001;0.00000001;0.2129878;0.86206894;0.21647293;0.26273646;0.31523937
06/07/2018;0.00000001;0.00000001;0.00000001;0.00000001;0.00000001;0.00000001;0.00000001;0.00000001;0.00000001;0.00000001;0.00000001;0.00000001;0.00000001;0.00000001;0.00000001;0.00000001;0.00000001;0.00000001;0.2129878;0.86206894;0.21647293;0.26273646;0.31523937
07/07/2018;0.00000001;0.00000001;0.00000001;0.00000001;0.00000001;0.00000001;0.00000001;0.00000001;0.00000001;0.00000001;0.00000001;0.00000001;0.00000001;0.00000001;0.00000001;0.00000001;0.00000001;0.00000001;0.2129878;0.86206894;0.21647293;0.26273646;0.00000001
08/07/2018;0.00000001;0.00000001;0.00000001;0.00000001;0.00000001;0.00000001;0.00000001;0.00000001;0.00000001;0.00000001;0.00000001;0.00000001;0.00000001;0.00000001;0.00000001;0.00000001;0.00000001;0.00000001;0.2129878;0.86206894;0.21647293;0.00000001;0.00000001
09/07/2018;0.00000001;0.00000001;0.00000001;0.00000001;0.00000001;0.00000001;0.00000001;0.00000001;0.00000001;0.00000001;0.00000001;0.00000001;0.00000001;0.00000001;0.00000001;0.00000001;0.00000001;0.00000001;0.2129878;0.86206894;0.21647293;0.26273646;0.31523937
10/07/2018;0.00000001;0.00000001;0.00000001;0.00000001;0.00000001;0.00000001;0.00000001;0.00000001;0.00000001;0.00000001;0.00000001;0.00000001;0.00000001;0.00000001;0.00000001;0.00000001;0.00000001;0.00000001;0.2129878;0.86206894;0.21647293;0.26273646;0.31523937
11/07/2018;0.00000001;0.00000001;0.00000001;0.00000001;0.00000001;0.00000001;0.00000001;0.00000001;0.00000001;0.00000001;0.00000001;0.00000001;0.00000001;0.00000001;0.00000001;0.00000001;0.00000001;0.00000001;0.2129878;0.86206894;0.21647293;0.26273646;0.31523937
12/07/2018;0.00000001;0.00000001;0.00000001;0.00000001;0.00000001;0.00000001;0.00000001;0.00000001;0.00000001;0.00000001;0.00000001;0.00000001;0.00000001;0.00000001;0.00000001;0.00000001;0.00000001;0.00000001;0.2129878;0.86206894;0.21647293;0.26273646;0.31523937
13/07/2018;0.00000001;0.00000001;0.00000001;0.00000001;0.00000001;0.00000001;0.00000001;0.00000001;0.00000001;0.00000001;0.00000001;0.00000001;0.00000001;0.00000001;0.00000001;0.00000001;0.00000001;0.00000001;0.2129878;0.86206894;0.21647293;0.26273646;0.31523937
14/07/2018;0.00000001;0.00000001;0.00000001;0.00000001;0.00000001;0.00000001;0.00000001;0.00000001;0.00000001;0.00000001;0.00000001;0.00000001;0.00000001;0.00000001;0.00000001;0.00000001;0.00000001;0.00000001;0.2129878;0.86206894;0.21647293;0.26273646;0.00000001
15/07/2018;0.00000001;0.00000001;0.00000001;0.00000001;0.00000001;0.00000001;0.00000001;0.00000001;0.00000001;0.00000001;0.00000001;0.00000001;0.00000001;0.00000001;0.00000001;0.00000001;0.00000001;0.00000001;0.2129878;0.86206894;0.21647293;0.00000001;0.00000001
16/07/2018;0.00000001;0.00000001;0.00000001;0.00000001;0.00000001;0.00000001;0.00000001;0.00000001;0.00000001;0.00000001;0.00000001;0.00000001;0.00000001;0.00000001;0.00000001;0.00000001;0.00000001;0.00000001;0.2129878;0.86206894;0.21647293;0.26273646;0.31523937
17/07/2018;0.00000001;0.00000001;0.00000001;0.00000001;0.00000001;0.00000001;0.00000001;0.00000001;0.00000001;0.00000001;0.00000001;0.00000001;0.00000001;0.00000001;0.00000001;0.00000001;0.00000001;0.00000001;0.2129878;0.86206894;0.21647293;0.26273646;0.31523937
18/07/2018;0.00000001;0.00000001;0.00000001;0.00000001;0.00000001;0.00000001;0.00000001;0.00000001;0.00000001;0.00000001;0.00000001;0.00000001;0.00000001;0.00000001;0.00000001;0.00000001;0.00000001;0.00000001;0.2129878;0.86206894;0.21647293;0.26273646;0.31523937
19/07/2018;0.00000001;0.00000001;0.00000001;0.00000001;0.00000001;0.00000001;0.00000001;0.00000001;0.00000001;0.00000001;0.00000001;0.00000001;0.00000001;0.00000001;0.00000001;0.00000001;0.00000001;0.00000001;0.2129878;0.86206894;0.21647293;0.26273646;0.31523937
20/07/2018;0.00000001;0.00000001;0.00000001;0.00000001;0.00000001;0.00000001;0.00000001;0.00000001;0.00000001;0.00000001;0.00000001;0.00000001;0.00000001;0.00000001;0.00000001;0.00000001;0.00000001;0.00000001;0.2129878;0.86206894;0.21647293;0.26273646;0.31523937
21/07/2018;0.00000001;0.00000001;0.00000001;0.00000001;0.00000001;0.00000001;0.00000001;0.00000001;0.00000001;0.00000001;0.00000001;0.00000001;0.00000001;0.00000001;0.00000001;0.00000001;0.00000001;0.00000001;0.2129878;0.86206894;0.21647293;0.26273646;0.00000001
22/07/2018;0.00000001;0.00000001;0.00000001;0.00000001;0.00000001;0.00000001;0.00000001;0.00000001;0.00000001;0.00000001;0.00000001;0.00000001;0.00000001;0.00000001;0.00000001;0.00000001;0.00000001;0.00000001;0.2129878;0.86206894;0.21647293;0.00000001;0.00000001
23/07/2018;0.00000001;0.00000001;0.00000001;0.00000001;0.00000001;0.00000001;0.00000001;0.00000001;0.00000001;0.00000001;0.00000001;0.00000001;0.00000001;0.00000001;0.00000001;0.00000001;0.00000001;0.00000001;0.2129878;0.86206894;0.21647293;0.26273646;0.31523937
24/07/2018;0.00000001;0.00000001;0.00000001;0.00000001;0.00000001;0.00000001;0.00000001;0.00000001;0.00000001;0.00000001;0.00000001;0.00000001;0.00000001;0.00000001;0.00000001;0.00000001;0.00000001;0.00000001;0.2129878;0.86206894;0.21647293;0.26273646;0.31523937
25/07/2018;0.00000001;0.00000001;0.00000001;0.00000001;0.00000001;0.00000001;0.00000001;0.00000001;0.00000001;0.00000001;0.00000001;0.00000001;0.00000001;0.00000001;0.00000001;0.00000001;0.00000001;0.00000001;0.2129878;0.86206894;0.21647293;0.26273646;0.31523937
26/07/2018;0.00000001;0.00000001;0.00000001;0.00000001;0.00000001;0.00000001;0.00000001;0.00000001;0.00000001;0.00000001;0.00000001;0.00000001;0.00000001;0.00000001;0.00000001;0.00000001;0.00000001;0.00000001;0.2129878;0.86206894;0.21647293;0.26273646;0.31523937
27/07/2018;0.00000001;0.00000001;0.00000001;0.00000001;0.00000001;0.00000001;0.00000001;0.00000001;0.00000001;0.00000001;0.00000001;0.00000001;0.00000001;0.00000001;0.00000001;0.00000001;0.00000001;0.00000001;0.2129878;0.86206894;0.21647293;0.26273646;0.31523937
28/07/2018;0.00000001;0.00000001;0.00000001;0.00000001;0.00000001;0.00000001;0.00000001;0.00000001;0.00000001;0.00000001;0.00000001;0.00000001;0.00000001;0.00000001;0.00000001;0.00000001;0.00000001;0.00000001;0.2129878;0.86206894;0.21647293;0.26273646;0.00000001
29/07/2018;0.00000001;0.00000001;0.00000001;0.00000001;0.00000001;0.00000001;0.00000001;0.00000001;0.00000001;0.00000001;0.00000001;0.00000001;0.00000001;0.00000001;0.00000001;0.00000001;0.00000001;0.00000001;0.2129878;0.86206894;0.21647293;0.00000001;0.00000001
30/07/2018;0.00000001;0.00000001;0.00000001;0.00000001;0.00000001;0.00000001;0.00000001;0.00000001;0.00000001;0.00000001;0.00000001;0.00000001;0.00000001;0.00000001;0.00000001;0.00000001;0.00000001;0.00000001;0.2129878;0.86206894;0.21647293;0.26273646;0.31523937
31/07/2018;0.00000001;0.00000001;0.00000001;0.00000001;0.00000001;0.00000001;0.00000001;0.00000001;0.00000001;0.00000001;0.00000001;0.00000001;0.00000001;0.00000001;0.00000001;0.00000001;0.00000001;0.00000001;0.2129878;0.86206894;0.21647293;0.26273646;0.31523937
01/08/2018;0.00000001;0.00000001;0.00000001;0.00000001;0.00000001;0.00000001;0.00000001;0.00000001;0.00000001;0.00000001;0.00000001;0.00000001;0.00000001;0.00000001;0.00000001;0.00000001;0.00000001;0.00000001;0.2129878;0.86206894;0.21647293;0.26273646;0.31523937
02/08/2018;0.00000001;0.00000001;0.00000001;0.00000001;0.00000001;0.00000001;0.00000001;0.00000001;0.00000001;0.00000001;0.00000001;0.00000001;0.00000001;0.00000001;0.00000001;0.00000001;0.00000001;0.00000001;0.21031432;0.86206894;0.2081817;0.25260963;0.303119
03/08/2018;0.00000001;0.00000001;0.00000001;0.00000001;0.00000001;0.00000001;0.00000001;0.00000001;0.00000001;0.00000001;0.00000001;0.00000001;0.00000001;0.00000001;0.00000001;0.00000001;0.00000001;0.00000001;0.21031432;0.86206894;0.2081817;0.25260963;0.303119
04/08/2018;0.00000001;0.00000001;0.00000001;0.00000001;0.00000001;0.00000001;0.00000001;0.00000001;0.00000001;0.00000001;0.00000001;0.00000001;0.00000001;0.00000001;0.00000001;0.00000001;0.00000001;0.00000001;0.21031432;0.86206894;0.2081817;0.25260963;0.00000001
05/08/2018;0.00000001;0.00000001;0.00000001;0.00000001;0.00000001;0.00000001;0.00000001;0.00000001;0.00000001;0.00000001;0.00000001;0.00000001;0.00000001;0.00000001;0.00000001;0.00000001;0.00000001;0.00000001;0.21031432;0.86206894;0.2081817;0.00000001;0.00000001
06/08/2018;0.00000001;0.00000001;0.00000001;0.00000001;0.00000001;0.00000001;0.00000001;0.00000001;0.00000001;0.00000001;0.00000001;0.00000001;0.00000001;0.00000001;0.00000001;0.00000001;0.00000001;0.00000001;0.21031432;0.86206894;0.2081817;0.25260963;0.303119
07/08/2018;0.00000001;0.00000001;0.00000001;0.00000001;0.00000001;0.00000001;0.00000001;0.00000001;0.00000001;0.00000001;0.00000001;0.00000001;0.00000001;0.00000001;0.00000001;0.00000001;0.00000001;0.00000001;0.21031432;0.86206894;0.2081817;0.25260963;0.303119
08/08/2018;0.00000001;0.00000001;0.00000001;0.00000001;0.00000001;0.00000001;0.00000001;0.00000001;0.00000001;0.00000001;0.00000001;0.00000001;0.00000001;0.00000001;0.00000001;0.00000001;0.00000001;0.00000001;0.21031432;0.86206894;0.2081817;0.25260963;0.303119
09/08/2018;0.00000001;0.00000001;0.00000001;0.00000001;0.00000001;0.00000001;0.00000001;0.00000001;0.00000001;0.00000001;0.00000001;0.00000001;0.00000001;0.00000001;0.00000001;0.00000001;0.00000001;0.00000001;0.21031432;0.86206894;0.2081817;0.25260963;0.303119
10/08/2018;0.00000001;0.00000001;0.00000001;0.00000001;0.00000001;0.00000001;0.00000001;0.00000001;0.00000001;0.00000001;0.00000001;0.00000001;0.00000001;0.00000001;0.00000001;0.00000001;0.00000001;0.00000001;0.21031432;0.86206894;0.2081817;0.25260963;0.303119
11/08/2018;0.00000001;0.00000001;0.00000001;0.00000001;0.00000001;0.00000001;0.00000001;0.00000001;0.00000001;0.00000001;0.00000001;0.00000001;0.00000001;0.00000001;0.00000001;0.00000001;0.00000001;0.00000001;0.21031432;0.86206894;0.2081817;0.25260963;0.00000001
12/08/2018;0.00000001;0.00000001;0.00000001;0.00000001;0.00000001;0.00000001;0.00000001;0.00000001;0.00000001;0.00000001;0.00000001;0.00000001;0.00000001;0.00000001;0.00000001;0.00000001;0.00000001;0.00000001;0.21031432;0.86206894;0.2081817;0.00000001;0.00000001
13/08/2018;0.00000001;0.00000001;0.00000001;0.00000001;0.00000001;0.00000001;0.00000001;0.00000001;0.00000001;0.00000001;0.00000001;0.00000001;0.00000001;0.00000001;0.00000001;0.00000001;0.00000001;0.00000001;0.21031432;0.86206894;0.2081817;0.25260963;0.303119
14/08/2018;0.00000001;0.00000001;0.00000001;0.00000001;0.00000001;0.00000001;0.00000001;0.00000001;0.00000001;0.00000001;0.00000001;0.00000001;0.00000001;0.00000001;0.00000001;0.00000001;0.00000001;0.00000001;0.21031432;0.86206894;0.2081817;0.25260963;0.303119
15/08/2018;0.00000001;0.00000001;0.00000001;0.00000001;0.00000001;0.00000001;0.00000001;0.00000001;0.00000001;0.00000001;0.00000001;0.00000001;0.00000001;0.00000001;0.00000001;0.00000001;0.00000001;0.00000001;0.21031432;0.86206894;0.2081817;0.00000001;0.00000001
16/08/2018;0.00000001;0.00000001;0.00000001;0.00000001;0.00000001;0.00000001;0.00000001;0.00000001;0.00000001;0.00000001;0.00000001;0.00000001;0.00000001;0.00000001;0.00000001;0.00000001;0.00000001;0.00000001;0.21031432;0.86206894;0.2081817;0.25260963;0.303119
17/08/2018;0.00000001;0.00000001;0.00000001;0.00000001;0.00000001;0.00000001;0.00000001;0.00000001;0.00000001;0.00000001;0.00000001;0.00000001;0.00000001;0.00000001;0.00000001;0.00000001;0.00000001;0.00000001;0.21031432;0.86206894;0.2081817;0.25260963;0.303119
18/08/2018;0.00000001;0.00000001;0.00000001;0.00000001;0.00000001;0.00000001;0.00000001;0.00000001;0.00000001;0.00000001;0.00000001;0.00000001;0.00000001;0.00000001;0.00000001;0.00000001;0.00000001;0.00000001;0.21031432;0.86206894;0.2081817;0.25260963;0.00000001
19/08/2018;0.00000001;0.00000001;0.00000001;0.00000001;0.00000001;0.00000001;0.00000001;0.00000001;0.00000001;0.00000001;0.00000001;0.00000001;0.00000001;0.00000001;0.00000001;0.00000001;0.00000001;0.00000001;0.21031432;0.86206894;0.2081817;0.00000001;0.00000001
20/08/2018;0.00000001;0.00000001;0.00000001;0.00000001;0.00000001;0.00000001;0.00000001;0.00000001;0.00000001;0.00000001;0.00000001;0.00000001;0.00000001;0.00000001;0.00000001;0.00000001;0.00000001;0.00000001;0.21031432;0.86206894;0.2081817;0.25260963;0.303119
21/08/2018;0.00000001;0.00000001;0.00000001;0.00000001;0.00000001;0.00000001;0.00000001;0.00000001;0.00000001;0.00000001;0.00000001;0.00000001;0.00000001;0.00000001;0.00000001;0.00000001;0.00000001;0.00000001;0.21031432;0.86206894;0.2081817;0.25260963;0.303119
22/08/2018;0.00000001;0.00000001;0.00000001;0.00000001;0.00000001;0.00000001;0.00000001;0.00000001;0.00000001;0.00000001;0.00000001;0.00000001;0.00000001;0.00000001;0.00000001;0.00000001;0.00000001;0.00000001;0.21031432;0.86206894;0.2081817;0.25260963;0.303119
23/08/2018;0.00000001;0.00000001;0.00000001;0.00000001;0.00000001;0.00000001;0.00000001;0.00000001;0.00000001;0.00000001;0.00000001;0.00000001;0.00000001;0.00000001;0.00000001;0.00000001;0.00000001;0.00000001;0.21031432;0.86206894;0.2081817;0.25260963;0.303119
24/08/2018;0.00000001;0.00000001;0.00000001;0.00000001;0.00000001;0.00000001;0.00000001;0.00000001;0.00000001;0.00000001;0.00000001;0.00000001;0.00000001;0.00000001;0.00000001;0.00000001;0.00000001;0.00000001;0.21031432;0.86206894;0.2081817;0.25260963;0.303119
25/08/2018;0.00000001;0.00000001;0.00000001;0.00000001;0.00000001;0.00000001;0.00000001;0.00000001;0.00000001;0.00000001;0.00000001;0.00000001;0.00000001;0.00000001;0.00000001;0.00000001;0.00000001;0.00000001;0.21031432;0.86206894;0.2081817;0.25260963;0.00000001
26/08/2018;0.00000001;0.00000001;0.00000001;0.00000001;0.00000001;0.00000001;0.00000001;0.00000001;0.00000001;0.00000001;0.00000001;0.00000001;0.00000001;0.00000001;0.00000001;0.00000001;0.00000001;0.00000001;0.21031432;0.86206894;0.2081817;0.00000001;0.00000001
27/08/2018;0.00000001;0.00000001;0.00000001;0.00000001;0.00000001;0.00000001;0.00000001;0.00000001;0.00000001;0.00000001;0.00000001;0.00000001;0.00000001;0.00000001;0.00000001;0.00000001;0.00000001;0.00000001;0.21031432;0.86206894;0.2081817;0.25260963;0.303119
28/08/2018;0.00000001;0.00000001;0.00000001;0.00000001;0.00000001;0.00000001;0.00000001;0.00000001;0.00000001;0.00000001;0.00000001;0.00000001;0.00000001;0.00000001;0.00000001;0.00000001;0.00000001;0.00000001;0.21031432;0.86206894;0.2081817;0.25260963;0.303119
29/08/2018;0.00000001;0.00000001;0.00000001;0.00000001;0.00000001;0.00000001;0.00000001;0.00000001;0.00000001;0.00000001;0.00000001;0.00000001;0.00000001;0.00000001;0.00000001;0.00000001;0.00000001;0.00000001;0.21031432;0.86206894;0.2081817;0.25260963;0.303119
30/08/2018;0.00000001;0.00000001;0.00000001;0.00000001;0.00000001;0.00000001;0.00000001;0.00000001;0.00000001;0.00000001;0.00000001;0.00000001;0.00000001;0.00000001;0.00000001;0.00000001;0.00000001;0.00000001;0.21031432;0.86206894;0.2081817;0.25260963;0.303119
31/08/2018;0.00000001;0.00000001;0.00000001;0.00000001;0.00000001;0.00000001;0.00000001;0.00000001;0.00000001;0.00000001;0.00000001;0.00000001;0.00000001;0.00000001;0.00000001;0.00000001;0.00000001;0.00000001;0.21031432;0.86206894;0.2081817;0.25260963;0.303119
01/09/2018;0.00000001;0.00000001;0.00000001;0.00000001;0.00000001;0.00000001;0.00000001;0.00000001;0.00000001;0.00000001;0.00000001;0.00000001;0.00000001;0.00000001;0.00000001;0.00000001;0.00000001;0.00000001;0.21031432;0.77586205;0.2081817;0.27814109;0.00000001
02/09/2018;0.00000001;0.00000001;0.00000001;0.00000001;0.00000001;0.00000001;0.00000001;0.00000001;0.00000001;0.00000001;0.00000001;0.00000001;0.00000001;0.00000001;0.00000001;0.00000001;0.00000001;0.00000001;0.23972267;0.77586205;0.22908529;0.00000001;0.00000001
03/09/2018;0.00000001;0.00000001;0.00000001;0.00000001;0.00000001;0.00000001;0.00000001;0.00000001;0.00000001;0.00000001;0.00000001;0.00000001;0.00000001;0.00000001;0.00000001;0.00000001;0.00000001;0.00000001;0.23972267;0.77586205;0.22908529;0.27814109;0.33367651
04/09/2018;0.00000001;0.00000001;0.00000001;0.00000001;0.00000001;0.00000001;0.00000001;0.00000001;0.00000001;0.00000001;0.00000001;0.00000001;0.00000001;0.00000001;0.00000001;0.00000001;0.00000001;0.00000001;0.23972267;0.77586205;0.22908529;0.27814109;0.33367651
05/09/2018;0.00000001;0.00000001;0.00000001;0.00000001;0.00000001;0.03048646;0.00000001;0.00000001;0.00000001;0.00000001;0.00000001;0.03747275;0.00000001;0.00000001;0.00000001;0.00000001;0.00000001;0.04499677;0.23972267;0.77586205;0.22908529;0.27814109;0.33367651
06/09/2018;0.00000001;0.00000001;0.00000001;0.00000001;0.00000001;0.03048646;0.00000001;0.00000001;0.00000001;0.00000001;0.00000001;0.03747275;0.00000001;0.00000001;0.00000001;0.00000001;0.00000001;0.04499677;0.23972267;0.77586205;0.22908529;0.27814109;0.33367651
07/09/2018;0.00000001;0.00000001;0.00000001;0.00000001;0.00000001;0.03048646;0.00000001;0.00000001;0.00000001;0.00000001;0.00000001;0.03747275;0.00000001;0.00000001;0.00000001;0.00000001;0.00000001;0.04499677;0.23972267;0.77586205;0.22908529;0.27814109;0.33367651
08/09/2018;0.00000001;0.00000001;0.00000001;0.00000001;0.00000001;0.03048646;0.00000001;0.00000001;0.00000001;0.00000001;0.00000001;0.04092421;0.00000001;0.00000001;0.00000001;0.00000001;0.00000001;0.00000001;0.23972267;0.77586205;0.22908529;0.27814109;0.00000001
09/09/2018;0.00000001;0.00000001;0.00000001;0.00000001;0.00000001;0.03329443;0.00000001;0.00000001;0.00000001;0.00000001;0.00000001;0.00000001;0.00000001;0.00000001;0.00000001;0.00000001;0.00000001;0.00000001;0.23972267;0.77586205;0.22908529;0.00000001;0.00000001
10/09/2018;0.00000001;0.00000001;0.00000001;0.00000001;0.00000001;0.03329443;0.00000001;0.00000001;0.00000001;0.00000001;0.00000001;0.04092421;0.00000001;0.00000001;0.00000001;0.00000001;0.00000001;0.04914122;0.23972267;0.77586205;0.22908529;0.27814109;0.33367651
11/09/2018;0.00000001;0.00000001;0.00000001;0.00000001;0.00000001;0.03329443;0.00000001;0.00000001;0.00000001;0.00000001;0.00000001;0.04092421;0.00000001;0.00000001;0.00000001;0.00000001;0.00000001;0.04914122;0.23972267;0.77586205;0.22908529;0.27814109;0.33367651
12/09/2018;0.00000001;0.00000001;0.00000001;0.00000001;0.00000001;0.03329443;0.00000001;0.00000001;0.00000001;0.00000001;0.00000001;0.04092421;0.00000001;0.00000001;0.00000001;0.00000001;0.00000001;0.04914122;0.23972267;0.77586205;0.22908529;0.27814109;0.33367651
13/09/2018;0.00000001;0.00000001;0.00000001;0.00000001;0.00000001;0.03329443;0.00000001;0.00000001;0.00000001;0.00000001;0.00000001;0.04092421;0.00000001;0.00000001;0.00000001;0.00000001;0.00000001;0.04914122;0.23972267;0.77586205;0.22908529;0.27814109;0.33367651
14/09/2018;0.00000001;0.00000001;0.00000001;0.00000001;0.00000001;0.03329443;0.00000001;0.00000001;0.00000001;0.00000001;0.00000001;0.04092421;0.00000001;0.00000001;0.00000001;0.00000001;0.00000001;0.04914122;0.23972267;0.77586205;0.22908529;0.27814109;0.33367651
15/09/2018;0.00000001;0.00000001;0.00000001;0.00000001;0.00000001;0.03329443;0.00000001;0.00000001;0.00000001;0.00000001;0.00000001;0.0606467;0.00000001;0.00000001;0.00000001;0.00000001;0.00000001;0.00000001;0.23972267;0.77586205;0.22908529;0.27814109;0.00000001
16/09/2018;0.00000001;0.00000001;0.00000001;0.00000001;0.00000001;0.04933993;0.00000001;0.00000001;0.00000001;0.00000001;0.00000001;0.00000001;0.00000001;0.00000001;0.00000001;0.00000001;0.00000001;0.00000001;0.23972267;0.77586205;0.22908529;0.00000001;0.00000001
17/09/2018;0.00000001;0.00000001;0.00000001;0.00000001;0.00000001;0.04933993;0.00000001;0.00000001;0.00000001;0.00000001;0.00000001;0.0606467;0.00000001;0.00000001;0.00000001;0.00000001;0.00000001;0.07282373;0.23972267;0.77586205;0.22908529;0.27814109;0.33367651
18/09/2018;0.00000001;0.00000001;0.00000001;0.00000001;0.00000001;0.04933993;0.00000001;0.00000001;0.00000001;0.00000001;0.00000001;0.0606467;0.00000001;0.00000001;0.00000001;0.00000001;0.00000001;0.07282373;0.23972267;0.77586205;0.22908529;0.27814109;0.33367651
19/09/2018;0.00000001;0.00000001;0.00000001;0.00000001;0.00000001;0.04933993;0.00000001;0.00000001;0.00000001;0.00000001;0.00000001;0.0606467;0.00000001;0.00000001;0.00000001;0.00000001;0.00000001;0.07282373;0.23972267;0.77586205;0.22908529;0.27814109;0.33367651
20/09/2018;0.00000001;0.00000001;0.00000001;0.00000001;0.00000001;0.04933993;0.00000001;0.00000001;0.00000001;0.00000001;0.00000001;0.0606467;0.00000001;0.00000001;0.00000001;0.00000001;0.00000001;0.07282373;0.23972267;0.77586205;0.22908529;0.27814109;0.33367651
21/09/2018;0.00000001;0.00000001;0.00000001;0.00000001;0.00000001;0.04933993;0.00000001;0.00000001;0.00000001;0.00000001;0.00000001;0.0606467;0.00000001;0.00000001;0.00000001;0.00000001;0.00000001;0.07282373;0.23972267;0.77586205;0.22908529;0.27814109;0.33367651
22/09/2018;0.00000001;0.00000001;0.00000001;0.00000001;0.00000001;0.04933993;0.00000001;0.00000001;0.00000001;0.00000001;0.00000001;0.10009171;0.00000001;0.00000001;0.00000001;0.00000001;0.00000001;0.00000001;0.23972267;0.77586205;0.22908529;0.27814109;0.00000001
23/09/2018;0.00000001;0.00000001;0.00000001;0.00000001;0.00000001;0.08143094;0.00000001;0.00000001;0.00000001;0.00000001;0.00000001;0.00000001;0.00000001;0.00000001;0.00000001;0.00000001;0.00000001;0.00000001;0.23972267;0.77586205;0.22908529;0.00000001;0.00000001
24/09/2018;0.00000001;0.00000001;0.00000001;0.00000001;0.00000001;0.08143094;0.00000001;0.00000001;0.00000001;0.00000001;0.00000001;0.10009171;0.00000001;0.00000001;0.00000001;0.00000001;0.00000001;0.12018875;0.23972267;0.77586205;0.22908529;0.27814109;0.33367651
25/09/2018;0.00000001;0.00000001;0.00000001;0.00000001;0.00000001;0.08143094;0.00000001;0.00000001;0.00000001;0.00000001;0.00000001;0.10009171;0.00000001;0.00000001;0.00000001;0.00000001;0.00000001;0.12018875;0.23972267;0.77586205;0.22908529;0.27814109;0.33367651
26/09/2018;0.00000001;0.00000001;0.00000001;0.00000001;0.00000001;0.08143094;0.00000001;0.00000001;0.00000001;0.00000001;0.00000001;0.10009171;0.00000001;0.00000001;0.00000001;0.00000001;0.00000001;0.12018875;0.23972267;0.77586205;0.22908529;0.27814109;0.33367651
27/09/2018;0.00000001;0.00000001;0.00000001;0.00000001;0.00000001;0.08143094;0.00000001;0.00000001;0.00000001;0.00000001;0.00000001;0.10009171;0.00000001;0.00000001;0.00000001;0.00000001;0.00000001;0.12018875;0.23972267;0.77586205;0.22908529;0.27814109;0.33367651
28/09/2018;0.00000001;0.00000001;0.00000001;0.00000001;0.00000001;0.08143094;0.00000001;0.00000001;0.00000001;0.00000001;0.00000001;0.10009171;0.00000001;0.00000001;0.00000001;0.00000001;0.00000001;0.12018875;0.23972267;0.77586205;0.22908529;0.27814109;0.33367651
29/09/2018;0.00000001;0.00000001;0.00000001;0.00000001;0.00000001;0.08143094;0.00000001;0.00000001;0.00000001;0.00000001;0.00000001;0.10009171;0.00000001;0.00000001;0.00000001;0.00000001;0.00000001;0.00000001;0.23972267;0.77586205;0.22908529;0.27814109;0.00000001
30/09/2018;0.00000001;0.00000001;0.00000001;0.00000001;0.00000001;0.08143094;0.00000001;0.00000001;0.00000001;0.00000001;0.00000001;0.00000001;0.00000001;0.00000001;0.00000001;0.00000001;0.00000001;0.00000001;0.23972267;0.77586205;0.22908529;0.00000001;0.00000001
01/10/2018;0.00000001;0.00000001;0.00000001;0.00000001;0.00000001;0.14521181;0.00000001;0.00000001;0.00000001;0.00000001;0.00000001;0.17671984;0.00000001;0.00000001;0.00000001;0.00000001;0.00000001;0.21194378;0.26200172;0.00000001;0.24441402;0.29401604;0.3532844
02/10/2018;0.00000001;0.00000001;0.00000001;0.00000001;0.00000001;0.14521181;0.00000001;0.00000001;0.00000001;0.00000001;0.00000001;0.17671984;0.00000001;0.00000001;0.00000001;0.00000001;0.00000001;0.21194378;0.26200172;0.00000001;0.24441402;0.29401604;0.3532844
03/10/2018;0.00000001;0.00000001;0.00000001;0.00000001;0.00000001;0.14521181;0.00000001;0.00000001;0.00000001;0.00000001;0.00000001;0.17671984;0.00000001;0.00000001;0.00000001;0.00000001;0.00000001;0.21194378;0.26200172;0.00000001;0.24441402;0.29401604;0.3532844
04/10/2018;0.00000001;0.00000001;0.00000001;0.00000001;0.00000001;0.14521181;0.00000001;0.00000001;0.00000001;0.00000001;0.00000001;0.17671984;0.00000001;0.00000001;0.00000001;0.00000001;0.00000001;0.21194378;0.26200172;0.00000001;0.24441402;0.29401604;0.3532844
05/10/2018;0.00000001;0.00000001;0.00000001;0.00000001;0.00000001;0.14521181;0.00000001;0.00000001;0.00000001;0.00000001;0.00000001;0.17671984;0.00000001;0.00000001;0.00000001;0.00000001;0.00000001;0.21194378;0.26200172;0.00000001;0.24441402;0.29401604;0.3532844
06/10/2018;0.00000001;0.00000001;0.00000001;0.00000001;0.00000001;0.14521181;0.00000001;0.00000001;0.00000001;0.00000001;0.00000001;0.17671984;0.00000001;0.00000001;0.00000001;0.00000001;0.00000001;0.00000001;0.26200172;0.00000001;0.24441402;0.29401604;0.00000001
07/10/2018;0.00000001;0.00000001;0.00000001;0.00000001;0.00000001;0.14521181;0.00000001;0.00000001;0.00000001;0.00000001;0.00000001;0.00000001;0.00000001;0.00000001;0.00000001;0.00000001;0.00000001;0.00000001;0.26200172;0.00000001;0.24441402;0.00000001;0.00000001
08/10/2018;0.00000001;0.00000001;0.00000001;0.00000001;0.00000001;0.15243231;0.00000001;0.00000001;0.00000001;0.00000001;0.00000001;0.18550703;0.00000001;0.00000001;0.00000001;0.00000001;0.00000001;0.22248245;0.26200172;0.00000001;0.24441402;0.29401604;0.3532844
09/10/2018;0.00000001;0.00000001;0.00000001;0.00000001;0.00000001;0.15243231;0.00000001;0.00000001;0.00000001;0.00000001;0.00000001;0.18550703;0.00000001;0.00000001;0.00000001;0.00000001;0.00000001;0.22248245;0.26200172;0.00000001;0.24441402;0.29401604;0.3532844
10/10/2018;0.00000001;0.00000001;0.00000001;0.00000001;0.00000001;0.15243231;0.00000001;0.00000001;0.00000001;0.00000001;0.00000001;0.18550703;0.00000001;0.00000001;0.00000001;0.00000001;0.00000001;0.22248245;0.26200172;0.00000001;0.24441402;0.29401604;0.3532844
11/10/2018;0.00000001;0.00000001;0.00000001;0.00000001;0.00000001;0.15243231;0.00000001;0.00000001;0.00000001;0.00000001;0.00000001;0.18550703;0.00000001;0.00000001;0.00000001;0.00000001;0.00000001;0.22248245;0.26200172;0.00000001;0.24441402;0.29401604;0.3532844
12/10/2018;0.00000001;0.00000001;0.00000001;0.00000001;0.00000001;0.15243231;0.00000001;0.00000001;0.00000001;0.00000001;0.00000001;0.18550703;0.00000001;0.00000001;0.00000001;0.00000001;0.00000001;0.22248245;0.26200172;0.00000001;0.24441402;0.29401604;0.3532844
13/10/2018;0.00000001;0.00000001;0.00000001;0.00000001;0.00000001;0.15243231;0.00000001;0.00000001;0.00000001;0.00000001;0.00000001;0.18550703;0.00000001;0.00000001;0.00000001;0.00000001;0.00000001;0.00000001;0.26200172;0.00000001;0.24441402;0.29401604;0.00000001
14/10/2018;0.00000001;0.00000001;0.00000001;0.00000001;0.00000001;0.15243231;0.00000001;0.00000001;0.00000001;0.00000001;0.00000001;0.00000001;0.00000001;0.00000001;0.00000001;0.00000001;0.00000001;0.00000001;0.26200172;0.00000001;0.24441402;0.00000001;0.00000001
15/10/2018;0.00000001;0.00000001;0.00000001;0.00000001;0.19609872;0.22263138;0.00000001;0.00000001;0.00000001;0.00000001;0.23655599;0.27093788;0.00000001;0.00000001;0.00000001;0.00000001;0.28365092;0.32494145;0.26200172;0.00000001;0.24441402;0.29401604;0.3532844
16/10/2018;0.00000001;0.00000001;0.00000001;0.00000001;0.19609872;0.22263138;0.00000001;0.00000001;0.00000001;0.00000001;0.23655599;0.27093788;0.00000001;0.00000001;0.00000001;0.00000001;0.28365092;0.32494145;0.26200172;0.00000001;0.24441402;0.29401604;0.3532844
17/10/2018;0.00000001;0.00000001;0.00000001;0.00000001;0.19609872;0.22263138;0.00000001;0.00000001;0.00000001;0.00000001;0.23655599;0.27093788;0.00000001;0.00000001;0.00000001;0.00000001;0.28365092;0.32494145;0.26200172;0.00000001;0.24441402;0.29401604;0.3532844
18/10/2018;0.00000001;0.00000001;0.00000001;0.00000001;0.19609872;0.22263138;0.00000001;0.00000001;0.00000001;0.00000001;0.23655599;0.27093788;0.00000001;0.00000001;0.00000001;0.00000001;0.28365092;0.32494145;0.26200172;0.00000001;0.24441402;0.29401604;0.3532844
19/10/2018;0.00000001;0.00000001;0.00000001;0.00000001;0.19609872;0.22263138;0.00000001;0.00000001;0.00000001;0.00000001;0.23655599;0.27093788;0.00000001;0.00000001;0.00000001;0.00000001;0.28365092;0.32494145;0.26200172;0.00000001;0.24441402;0.29401604;0.3532844
20/10/2018;0.00000001;0.00000001;0.00000001;0.00000001;0.19609872;0.22263138;0.00000001;0.00000001;0.00000001;0.00000001;0.23655599;0.27093788;0.00000001;0.00000001;0.00000001;0.00000001;0.00000001;0.00000001;0.26200172;0.00000001;0.24441402;0.29401604;0.00000001
21/10/2018;0.00000001;0.00000001;0.00000001;0.00000001;0.19609872;0.22263138;0.00000001;0.00000001;0.00000001;0.00000001;0.00000001;0.00000001;0.00000001;0.00000001;0.00000001;0.00000001;0.00000001;0.00000001;0.26200172;0.00000001;0.24441402;0.00000001;0.00000001
22/10/2018;0.00000001;0.00000001;0.00000001;0.00000001;0.27633251;0.29844639;0.00000001;0.00000001;0.00000001;0.00000001;0.33334286;0.36320321;0.00000001;0.00000001;0.00000001;0.00000001;0.39970669;0.43559718;0.26200172;0.00000001;0.24441402;0.29401604;0.3532844
23/10/2018;0.00000001;0.00000001;0.00000001;0.00000001;0.27633251;0.29844639;0.00000001;0.00000001;0.00000001;0.00000001;0.33334286;0.36320321;0.00000001;0.00000001;0.00000001;0.00000001;0.39970669;0.43559718;0.26200172;0.00000001;0.24441402;0.29401604;0.3532844
24/10/2018;0.00000001;0.00000001;0.00000001;0.00000001;0.27633251;0.29844639;0.00000001;0.00000001;0.00000001;0.00000001;0.33334286;0.36320321;0.00000001;0.00000001;0.00000001;0.00000001;0.39970669;0.43559718;0.26200172;0.00000001;0.24441402;0.29401604;0.3532844
25/10/2018;0.00000001;0.00000001;0.00000001;0.00000001;0.27633251;0.29844639;0.00000001;0.00000001;0.00000001;0.00000001;0.33334286;0.36320321;0.00000001;0.00000001;0.00000001;0.00000001;0.39970669;0.43559718;0.26200172;0.00000001;0.24441402;0.29401604;0.3532844
26/10/2018;0.00000001;0.00000001;0.00000001;0.00000001;0.27633251;0.29844639;0.00000001;0.00000001;0.00000001;0.00000001;0.33334286;0.36320321;0.00000001;0.00000001;0.00000001;0.00000001;0.39970669;0.43559718;0.26200172;0.00000001;0.24441402;0.29401604;0.3532844
27/10/2018;0.00000001;0.00000001;0.00000001;0.00000001;0.27633251;0.29844639;0.00000001;0.00000001;0.00000001;0.00000001;0.33334286;0.36320321;0.00000001;0.00000001;0.00000001;0.00000001;0.00000001;0.00000001;0.26200172;0.00000001;0.24441402;0.29401604;0.00000001
28/10/2018;0.00000001;0.00000001;0.00000001;0.00000001;0.27633251;0.29844639;0.00000001;0.00000001;0.00000001;0.00000001;0.00000001;0.00000001;0.00000001;0.00000001;0.00000001;0.00000001;0.00000001;0.00000001;0.26200172;0.00000001;0.24441402;0.00000001;0.00000001
29/10/2018;0.00000001;0.00000001;0.00000001;0.00000001;0.27633251;0.29844639;0.00000001;0.00000001;0.00000001;0.00000001;0.33334286;0.36320321;0.00000001;0.00000001;0.00000001;0.00000001;0.39970669;0.43559718;0.26200172;0.00000001;0.24441402;0.29401604;0.3532844
30/10/2018;0.00000001;0.00000001;0.00000001;0.00000001;0.27633251;0.29844639;0.00000001;0.00000001;0.00000001;0.00000001;0.33334286;0.36320321;0.00000001;0.00000001;0.00000001;0.00000001;0.39970669;0.43559718;0.26200172;0.00000001;0.24441402;0.29401604;0.3532844
31/10/2018;0.00000001;0.00000001;0.00000001;0.00000001;0.27633251;0.29844639;0.00000001;0.00000001;0.00000001;0.00000001;0.33334286;0.36320321;0.00000001;0.00000001;0.00000001;0.00000001;0.39970669;0.43559718;0.26200172;0.00000001;0.24441402;0.29401604;0.3532844
01/11/2018;0.00000001;0.00000001;0.00000001;0.2298855;0.3194569;0.35259997;0.00000001;0.00000001;0.00000001;0.00000001;0.00000001;0.00000001;0.00000001;0.00000001;0.00000001;0.00000001;0.00000001;0.00000001;0.29824233;0.00000001;0.29738759;0.00000001;0.00000001
02/11/2018;0.00000001;0.00000001;0.00000001;0.2298855;0.3194569;0.35259997;0.00000001;0.00000001;0.00000001;0.27941866;0.38536427;0.42910702;0.00000001;0.00000001;0.00000001;0.33604812;0.46208482;0.51463699;0.29824233;0.00000001;0.29738759;0.3580969;0.43011385
03/11/2018;0.00000001;0.00000001;0.00000001;0.2298855;0.3194569;0.35259997;0.00000001;0.00000001;0.00000001;0.27941866;0.38536427;0.42910702;0.00000001;0.00000001;0.00000001;0.00000001;0.00000001;0.00000001;0.29824233;0.00000001;0.29738759;0.3580969;0.00000001
04/11/2018;0.00000001;0.00000001;0.00000001;0.2298855;0.3194569;0.35259997;0.00000001;0.00000001;0.00000001;0.00000001;0.00000001;0.00000001;0.00000001;0.00000001;0.00000001;0.00000001;0.00000001;0.00000001;0.29824233;0.00000001;0.29738759;0.00000001;0.00000001
05/11/2018;0.00000001;0.00000001;0.00000001;0.2298855;0.3194569;0.35259997;0.00000001;0.00000001;0.00000001;0.27941866;0.38536427;0.42910702;0.00000001;0.00000001;0.00000001;0.33604812;0.46208482;0.51463699;0.29824233;0.00000001;0.29738759;0.3580969;0.43011385
06/11/2018;0.00000001;0.00000001;0.00000001;0.2298855;0.3194569;0.35259997;0.00000001;0.00000001;0.00000001;0.27941866;0.38536427;0.42910702;0.00000001;0.00000001;0.00000001;0.33604812;0.46208482;0.51463699;0.29824233;0.00000001;0.29738759;0.3580969;0.43011385
07/11/2018;0.00000001;0.00000001;0.00000001;0.2298855;0.3194569;0.35259997;0.00000001;0.00000001;0.00000001;0.27941866;0.38536427;0.42910702;0.00000001;0.00000001;0.00000001;0.33604812;0.46208482;0.51463699;0.29824233;0.00000001;0.29738759;0.3580969;0.43011385
08/11/2018;0.00000001;0.00000001;0.00000001;0.36311513;0.36910602;0.40354445;0.00000001;0.00000001;0.00000001;0.44135512;0.44525654;0.49110542;0.00000001;0.00000001;0.00000001;0.53080406;0.53390079;0.58899297;0.29824233;0.00000001;0.29738759;0.3580969;0.43011385
09/11/2018;0.00000001;0.00000001;0.00000001;0.36311513;0.36910602;0.40354445;0.00000001;0.00000001;0.00000001;0.44135512;0.44525654;0.49110542;0.00000001;0.00000001;0.00000001;0.53080406;0.53390079;0.58899297;0.29824233;0.00000001;0.29738759;0.3580969;0.43011385
10/11/2018;0.00000001;0.00000001;0.00000001;0.36311513;0.36910602;0.40354445;0.00000001;0.00000001;0.00000001;0.44135512;0.44525654;0.49110542;0.00000001;0.00000001;0.00000001;0.00000001;0.00000001;0.00000001;0.29824233;0.00000001;0.29738759;0.3580969;0.00000001
11/11/2018;0.00000001;0.00000001;0.00000001;0.36311513;0.36910602;0.40354445;0.00000001;0.00000001;0.00000001;0.00000001;0.00000001;0.00000001;0.00000001;0.00000001;0.00000001;0.00000001;0.00000001;0.00000001;0.29824233;0.00000001;0.29738759;0.00000001;0.00000001
12/11/2018;0.00000001;0.00000001;0.00000001;0.36311513;0.36910602;0.40354445;0.00000001;0.00000001;0.00000001;0.44135512;0.44525654;0.49110542;0.00000001;0.00000001;0.00000001;0.53080406;0.53390079;0.58899297;0.29824233;0.00000001;0.29738759;0.3580969;0.43011385
13/11/2018;0.00000001;0.00000001;0.00000001;0.36311513;0.36910602;0.40354445;0.00000001;0.00000001;0.00000001;0.44135512;0.44525654;0.49110542;0.00000001;0.00000001;0.00000001;0.53080406;0.53390079;0.58899297;0.29824233;0.00000001;0.29738759;0.3580969;0.43011385
14/11/2018;0.00000001;0.00000001;0.00000001;0.36311513;0.36910602;0.40354445;0.00000001;0.00000001;0.00000001;0.44135512;0.44525654;0.49110542;0.00000001;0.00000001;0.00000001;0.53080406;0.53390079;0.58899297;0.29824233;0.00000001;0.29738759;0.3580969;0.43011385
15/11/2018;0.00000001;0.00000001;0.47414781;0.53902212;0.51354213;0.49941635;0.00000001;0.00000001;0.57467738;0.65516458;0.61949136;0.60777958;0.00000001;0.00000001;0.69112963;0.78794605;0.74282329;0.72892271;0.29824233;0.00000001;0.29738759;0.3580969;0.43011385
16/11/2018;0.00000001;0.00000001;0.47414781;0.53902212;0.51354213;0.49941635;0.00000001;0.00000001;0.57467738;0.65516458;0.61949136;0.60777958;0.00000001;0.00000001;0.69112963;0.78794605;0.74282329;0.72892271;0.29824233;0.00000001;0.29738759;0.3580969;0.43011385
17/11/2018;0.00000001;0.00000001;0.47414781;0.53902212;0.51354213;0.49941635;0.00000001;0.00000001;0.57467738;0.65516458;0.61949136;0.60777958;0.00000001;0.00000001;0.00000001;0.00000001;0.00000001;0.00000001;0.29824233;0.00000001;0.29738759;0.3580969;0.00000001
18/11/2018;0.00000001;0.00000001;0.47414781;0.53902212;0.51354213;0.49941635;0.00000001;0.00000001;0.00000001;0.00000001;0.00000001;0.00000001;0.00000001;0.00000001;0.00000001;0.00000001;0.00000001;0.00000001;0.29824233;0.00000001;0.29738759;0.00000001;0.00000001
19/11/2018;0.00000001;0.00000001;0.47414781;0.53902212;0.51354213;0.49941635;0.00000001;0.00000001;0.57467738;0.65516458;0.61949136;0.60777958;0.00000001;0.00000001;0.69112963;0.78794605;0.74282329;0.72892271;0.29824233;0.00000001;0.29738759;0.3580969;0.43011385
20/11/2018;0.00000001;0.00000001;0.47414781;0.53902212;0.51354213;0.49941635;0.00000001;0.00000001;0.57467738;0.65516458;0.61949136;0.60777958;0.00000001;0.00000001;0.69112963;0.78794605;0.74282329;0.72892271;0.29824233;0.00000001;0.29738759;0.3580969;0.43011385
21/11/2018;0.00000001;0.00000001;0.47414781;0.53902212;0.51354213;0.49941635;0.00000001;0.00000001;0.57467738;0.65516458;0.61949136;0.60777958;0.00000001;0.00000001;0.69112963;0.78794605;0.74282329;0.72892271;0.29824233;0.00000001;0.29738759;0.3580969;0.43011385
22/11/2018;0.00000001;0.00000001;0.58177444;0.60868873;0.556692;0.54594831;0.00000001;0.00000001;0.70512318;0.73984217;0.67154352;0.66440804;0.00000001;0.00000001;0.84800888;0.88978514;0.80523829;0.7968384;0.29824233;0.00000001;0.29738759;0.3580969;0.43011385
23/11/2018;0.00000001;0.00000001;0.58177444;0.60868873;0.556692;0.54594831;0.00000001;0.00000001;0.70512318;0.73984217;0.67154352;0.66440804;0.00000001;0.00000001;0.84800888;0.88978514;0.80523829;0.7968384;0.29824233;0.00000001;0.29738759;0.3580969;0.43011385
24/11/2018;0.00000001;0.00000001;0.58177444;0.60868873;0.556692;0.54594831;0.00000001;0.00000001;0.70512318;0.73984217;0.67154352;0.66440804;0.00000001;0.00000001;0.00000001;0.00000001;0.00000001;0.00000001;0.29824233;0.00000001;0.29738759;0.3580969;0.00000001
25/11/2018;0.00000001;0.00000001;0.58177444;0.60868873;0.556692;0.54594831;0.00000001;0.00000001;0.00000001;0.00000001;0.00000001;0.00000001;0.00000001;0.00000001;0.00000001;0.00000001;0.00000001;0.00000001;0.29824233;0.00000001;0.29738759;0.00000001;0.00000001
26/11/2018;0.00000001;0.00000001;0.58177444;0.60868873;0.556692;0.54594831;0.00000001;0.00000001;0.70512318;0.73984217;0.67154352;0.66440804;0.00000001;0.00000001;0.84800888;0.88978514;0.80523829;0.7968384;0.29824233;0.00000001;0.29738759;0.3580969;0.43011385
27/11/2018;0.00000001;0.00000001;0.58177444;0.60868873;0.556692;0.54594831;0.00000001;0.00000001;0.70512318;0.73984217;0.67154352;0.66440804;0.00000001;0.00000001;0.84800888;0.88978514;0.80523829;0.7968384;0.29824233;0.00000001;0.29738759;0.3580969;0.43011385
28/11/2018;0.00000001;0.00000001;0.58177444;0.60868873;0.556692;0.54594831;0.00000001;0.00000001;0.70512318;0.73984217;0.67154352;0.66440804;0.00000001;0.00000001;0.84800888;0.88978514;0.80523829;0.7968384;0.29824233;0.00000001;0.29738759;0.3580969;0.43011385
29/11/2018;0.00000001;0.00000001;0.58177444;0.6217542;0.556692;0.54594831;0.00000001;0.00000001;0.70512318;0.75572284;0.67154352;0.66440804;0.00000001;0.00000001;0.84800888;0.90888434;0.80523829;0.7968384;0.29824233;0.00000001;0.29738759;0.3580969;0.43011385
30/11/2018;0.00000001;0.00000001;0.58177444;0.6217542;0.556692;0.54594831;0.00000001;0.00000001;0.70512318;0.75572284;0.67154352;0.66440804;0.00000001;0.00000001;0.84800888;0.90888434;0.80523829;0.7968384;0.29824233;0.00000001;0.29738759;0.3580969;0.43011385
01/12/2018;0.66928704;0.66928704;0.6654007;0.6217542;0.56721823;0.58806776;0.81582248;0.81582248;0.80648001;0.75572284;0.68424142;0.71566655;0.00000001;0.00000001;0.00000001;0.00000001;0.00000001;0.00000001;0.3217096;0.00000001;0.3297752;0.39727541;0.00000001
02/12/2018;0.66928704;0.66928704;0.6654007;0.6217542;0.56721823;0.58806776;0.00000001;0.00000001;0.00000001;0.00000001;0.00000001;0.00000001;0.00000001;0.00000001;0.00000001;0.00000001;0.00000001;0.00000001;0.3217096;0.00000001;0.3297752;0.00000001;0.00000001
03/12/2018;0.66928704;0.66928704;0.6654007;0.6217542;0.56721823;0.58806776;0.81582248;0.81582248;0.80648001;0.75572284;0.68424142;0.71566655;0.98584553;0.98584553;0.9699046;0.90888434;0.82046416;0.85831381;0.3217096;0.00000001;0.3297752;0.39727541;0.47708674
04/12/2018;0.66928704;0.66928704;0.6654007;0.6217542;0.56721823;0.58806776;0.81582248;0.81582248;0.80648001;0.75572284;0.68424142;0.71566655;0.98584553;0.98584553;0.9699046;0.90888434;0.82046416;0.85831381;0.3217096;0.00000001;0.3297752;0.39727541;0.47708674
05/12/2018;0.66928704;0.66928704;0.6654007;0.6217542;0.56721823;0.58806776;0.81582248;0.81582248;0.80648001;0.75572284;0.68424142;0.71566655;0.98584553;0.98584553;0.9699046;0.90888434;0.82046416;0.85831381;0.3217096;0.00000001;0.3297752;0.39727541;0.47708674
06/12/2018;0.66928704;0.66928704;0.6654007;0.63567798;0.56721823;0.58806776;0.81582248;0.81582248;0.80648001;0.77264676;0.68424142;0.71566655;0.98584553;0.98584553;0.9699046;0.92923821;0.82046416;0.85831381;0.3217096;0.00000001;0.3297752;0.39727541;0.47708674
07/12/2018;0.66928704;0.66928704;0.6654007;0.63567798;0.56721823;0.58806776;0.81582248;0.81582248;0.80648001;0.77264676;0.68424142;0.71566655;0.98584553;0.98584553;0.9699046;0.92923821;0.82046416;0.85831381;0.3217096;0.00000001;0.3297752;0.39727541;0.47708674
08/12/2018;0.67088428;0.67088428;0.67608837;0.63567798;0.5792482;0.62376901;0.00000001;0.00000001;0.00000001;0.00000001;0.00000001;0.00000001;0.00000001;0.00000001;0.00000001;0.00000001;0.00000001;0.00000001;0.3217096;0.00000001;0.3297752;0.00000001;0.00000001
09/12/2018;0.67088428;0.67088428;0.67608837;0.63567798;0.5792482;0.62376901;0.00000001;0.00000001;0.00000001;0.00000001;0.00000001;0.00000001;0.00000001;0.00000001;0.00000001;0.00000001;0.00000001;0.00000001;0.3217096;0.00000001;0.3297752;0.00000001;0.00000001
10/12/2018;0.67088428;0.67088428;0.67608837;0.63567798;0.5792482;0.62376901;0.81776942;0.81776942;0.81943369;0.77264676;0.6987533;0.75911425;0.98819823;0.98819823;0.9854832;0.92923821;0.83786515;0.91042154;0.3217096;0.00000001;0.3297752;0.39727541;0.47708674
11/12/2018;0.67088428;0.67088428;0.67608837;0.63567798;0.5792482;0.62376901;0.81776942;0.81776942;0.81943369;0.77264676;0.6987533;0.75911425;0.98819823;0.98819823;0.9854832;0.92923821;0.83786515;0.91042154;0.3217096;0.00000001;0.3297752;0.39727541;0.47708674
12/12/2018;0.67088428;0.67088428;0.67608837;0.63567798;0.5792482;0.62376901;0.81776942;0.81776942;0.81943369;0.77264676;0.6987533;0.75911425;0.98819823;0.98819823;0.9854832;0.92923821;0.83786515;0.91042154;0.3217096;0.00000001;0.3297752;0.39727541;0.47708674
13/12/2018;0.67088428;0.67088428;0.67608837;0.63567798;0.5792482;0.62376901;0.81776942;0.81776942;0.81943369;0.77264676;0.6987533;0.75911425;0.98819823;0.98819823;0.9854832;0.92923821;0.83786515;0.91042154;0.3217096;0.00000001;0.3297752;0.39727541;0.47708674
14/12/2018;0.67088428;0.67088428;0.67608837;0.63567798;0.5792482;0.62376901;0.81776942;0.81776942;0.81943369;0.77264676;0.6987533;0.75911425;0.98819823;0.98819823;0.9854832;0.92923821;0.83786515;0.91042154;0.3217096;0.00000001;0.3297752;0.39727541;0.47708674
15/12/2018;0.67736449;0.67736449;0.70276065;0.72627795;0.60381788;0.65786571;0.82566843;0.82566843;0.85176108;0.8827682;0.72839197;0.80060925;0.00000001;0.00000001;0.00000001;0.00000001;0.00000001;0.00000001;0.3217096;0.00000001;0.3297752;0.39727541;0.00000001
16/12/2018;0.67736449;0.67736449;0.70276065;0.72627795;0.60381788;0.65786571;0.00000001;0.00000001;0.00000001;0.00000001;0.00000001;0.00000001;0.00000001;0.00000001;0.00000001;0.00000001;0.00000001;0.00000001;0.3217096;0.00000001;0.3297752;0.00000001;0.00000001
17/12/2018;0.67736449;0.67736449;0.70276065;0.72627795;0.60381788;0.65786571;0.82566843;0.82566843;0.85176108;0.8827682;0.72839197;0.80060925;0.99774344;0.99774344;1.02436139;1.06167784;0.87340446;0.96018736;0.3217096;0.00000001;0.3297752;0.39727541;0.47708674
18/12/2018;0.67736449;0.67736449;0.70276065;0.72627795;0.60381788;0.65786571;0.82566843;0.82566843;0.85176108;0.8827682;0.72839197;0.80060925;0.99774344;0.99774344;1.02436139;1.06167784;0.87340446;0.96018736;0.3217096;0.00000001;0.3297752;0.39727541;0.47708674
19/12/2018;0.67736449;0.67736449;0.70276065;0.72627795;0.60381788;0.65786571;0.82566843;0.82566843;0.85176108;0.8827682;0.72839197;0.80060925;0.99774344;0.99774344;1.02436139;1.06167784;0.87340446;0.96018736;0.3217096;0.00000001;0.3297752;0.39727541;0.47708674
20/12/2018;0.67736449;0.67736449;0.70276065;0.72627795;0.60381788;0.65786571;0.82566843;0.82566843;0.85176108;0.8827682;0.72839197;0.80060925;0.99774344;0.99774344;1.02436139;1.06167784;0.87340446;0.96018736;0.3217096;0.00000001;0.3297752;0.39727541;0.47708674
21/12/2018;0.67736449;0.67736449;0.70276065;0.72627795;0.60381788;0.65786571;0.82566843;0.82566843;0.85176108;0.8827682;0.72839197;0.80060925;0.99774344;0.99774344;1.02436139;1.06167784;0.87340446;0.96018736;0.3217096;0.00000001;0.3297752;0.39727541;0.47708674
22/12/2018;0.80213136;0.80213136;0.74101123;0.76285172;0.60983286;0.69477037;0.97775208;0.97775208;0.8981216;0.92722248;0.73564791;0.84552147;0.00000001;0.00000001;0.00000001;0.00000001;0.00000001;0.00000001;0.3217096;0.00000001;0.3297752;0.39727541;0.00000001
23/12/2018;0.80213136;0.80213136;0.74101123;0.76285172;0.60983286;0.69477037;0.00000001;0.00000001;0.00000001;0.00000001;0.00000001;0.00000001;0.00000001;0.00000001;0.00000001;0.00000001;0.00000001;0.00000001;0.3217096;0.00000001;0.3297752;0.00000001;0.00000001
24/12/2018;0.80213136;0.80213136;0.74101123;0.76285172;0.60983286;0.69477037;0.97775208;0.97775208;0.8981216;0.92722248;0.73564791;0.84552147;1.18152237;1.18152237;1.08011638;1.11514161;0.88210495;1.01405152;0.3217096;0.00000001;0.3297752;0.39727541;0.47708674
25/12/2018;0.80213136;0.80213136;0.74101123;0.76285172;0.60983286;0.69477037;0.00000001;0.00000001;0.00000001;0.00000001;0.00000001;0.00000001;0.00000001;0.00000001;0.00000001;0.00000001;0.00000001;0.00000001;0.3217096;0.00000001;0.3297752;0.00000001;0.00000001
26/12/2018;0.80213136;0.80213136;0.74101123;0.76285172;0.60983286;0.69477037;0.00000001;0.00000001;0.00000001;0.00000001;0.00000001;0.00000001;0.00000001;0.00000001;0.00000001;0.00000001;0.00000001;0.00000001;0.3217096;0.00000001;0.3297752;0.00000001;0.00000001
27/12/2018;0.80213136;0.80213136;0.74101123;0.76285172;0.60983286;0.69477037;0.97775208;0.97775208;0.8981216;0.92722248;0.73564791;0.84552147;1.18152237;1.18152237;1.08011638;1.11514161;0.88210495;1.01405152;0.3217096;0.00000001;0.3297752;0.39727541;0.47708674
28/12/2018;0.80213136;0.80213136;0.74101123;0.76285172;0.60983286;0.69477037;0.97775208;0.97775208;0.8981216;0.92722248;0.73564791;0.84552147;1.18152237;1.18152237;1.08011638;1.11514161;0.88210495;1.01405152;0.3217096;0.00000001;0.3297752;0.39727541;0.47708674
29/12/2018;0.80213136;0.80213136;0.74101123;0.76285172;0.64143703;0.69477037;0.97775208;0.97775208;0.8981216;0.92722248;0.77377236;0.84552147;0.00000001;0.00000001;0.00000001;0.00000001;0.00000001;0.00000001;0.3217096;0.00000001;0.3297752;0.39727541;0.00000001
30/12/2018;0.80213136;0.80213136;0.74101123;0.76285172;0.64143703;0.69477037;0.00000001;0.00000001;0.00000001;0.00000001;0.00000001;0.00000001;0.00000001;0.00000001;0.00000001;0.00000001;0.00000001;0.00000001;0.3217096;0.00000001;0.3297752;0.00000001;0.00000001
31/12/2018;0.802129;0.802129;0.74100895;0.76284972;0.64143703;0.69476948;0.9777492;0.9777492;0.89811884;0.92722004;0.77377236;0.84552038;1.1815189;1.1815189;1.08011306;1.11513868;0.92781944;1.01405022;0.32170935;0.00000001;0.32977495;0.39727511;0.47708638
